:020000040800F2
:1000000000560020DD020008418500083D79000807
:100010003D850008C90D000879C1000800000000F6
:100020000000000000000000000000001194000823
:100030005113000800000000618A0008DD980008E4
:10004000F7020008F7020008F7020008F7020008AC
:10005000F7020008F7020008F7020008F70200089C
:10006000F7020008F7020008F702000875110008FF
:1000700081110008F7020008F7020008F7020008E3
:10008000F702000800000000410B0008F70200081A
:10009000C5C000087D14000889140008F702000894
:1000A000F7020008F7020008F7020008F70200084C
:1000B000F7020008F7020008F7020008F70200083C
:1000C000F7020008F7020008F7020008F70200082C
:1000D000F7020008F7020008F702000835A8000838
:1000E000F7020008F7020008F7020008F70200080C
:1000F000F7020008F7020008F702000800000000FD
:1001000000000000F702000800000000F7020008ED
:10011000F7020008000000007D990008F7020008BF
:10012000F7020008F7020008F7020008F7020008CB
:10013000F70200080000000000000000F7020008BD
:10014000F7020008F70200080000000000000000AD
:10015000000000000000000000000000000000009F
:10016000000000000000000000000000F70200088E
:10017000F70200080000000000000000000000007E
:1001800000000000F702000800000000000000006E
:10019000000000000000000000000000000000005F
:1001A0000000000000000000F7020008F70200084D
:1001B000F7020008F7020008F7020008000000003C
:1001C00000000000F702000800000000000000002E
:1001D000F7020008F702000800F002F800F06EF8DD
:1001E0000AA090E8000C82448344AAF10107DA4592
:1001F00001D100F063F8AFF2090EBAE80F0013F076
:10020000010F18BFFB1A43F001031847383D0100E6
:10021000683D01000A444FF0000C10F8013B13F058
:10022000070408BF10F8014B1D1108BF10F8015B4F
:10023000641E05D010F8016B641E01F8016BF9D142
:1002400013F0080F1EBF10F8014BAD1C0C1B09D199
:100250006D1E58BF01F801CBFAD505E014F8016B0B
:1002600001F8016B6D1EF9D59142D6D3704700009D
:10027000103A24BF78C878C1FAD8520724BF30C8D2
:1002800030C144BF04680C607047000000230024A4
:1002900000250026103A28BF78C1FBD8520728BF96
:1002A00030C148BF0B6070471FB513F068F99DE877
:1002B000030000F0CFFA1FBD10B510BD00F040FBE9
:1002C0001146FFF7F1FF0EF0CFF800F078FB03B412
:1002D000FFF7F2FF03BC00F00DFC00000948804767
:1002E00009480047FEE7FEE7FEE7FEE7FEE7FEE718
:1002F000FEE7FEE7FEE7FEE704480549054A064B30
:100300007047000069990008D901000800500020DA
:100310000056002000520020005200200048704784
:10032000E001002070B5A0FB0140B4F1805170F1F4
:10033000000024BF002070BD204600F003FA050035
:100340001CBF214600F042F9284670BD53EA020C5A
:1003500000F069802DE9F04B4FF00006002B1FBF25
:10036000B3FA83F503FA05F424FA05F65E4012BFEA
:100370001643B2FA82F502FA05F4C5F120051EBF54
:1003800022FA05FC44EA0C04203556EA044C4FEAF4
:10039000144418BF641C4FF000084FF0000990424D
:1003A00071EB030C39D3002919BFB1FA81F701FAB7
:1003B00007F6B0FA80F700FA07F6C7F120071EBF6C
:1003C00020FA07FC46EA0C062037B6FBF4FCA7EB44
:1003D0000507103F07F01F0BCBF120062CFA06F69D
:1003E0000CFA0BFB44BFB3460026202FA4BF5E4689
:1003F0004FF0000B5BEA060C08BF4FF0010B19EB46
:100400000B0948EB0608ABFB027C06FB02CC0BFB9E
:1004100003CCC01B71EB0C01C1E70B460246414601
:100420004846BDE8F08B13B54FF000004FF00001D7
:10043000AFF30080BDE81C407047401ECAB210F800
:10044000011F8A4202D00029F9D10020704710B55F
:10045000431C02E010F8011B71B18107FAD14FF083
:10046000013202C88C1A8C4314EAC211F9D0C01AA6
:100470000A0603D0C01E10BDC01A10BD0A0401D068
:10048000801E10BD0902FCD0401E10BD40EA0103D1
:1004900070B59B072ED14FF00136042A2AD308C825
:1004A00010C99D1B9D43121F15EAC61517D0D8B25F
:1004B000E1B2401A50EA056110D198B2A1B2401AD7
:1004C00050EA05410AD123F07F4024F07F41401AD1
:1004D00050EA052102D1180EA0EB146070BDA342B2
:1004E000DBD018BA21BA884201D9012070BD4FF083
:1004F000FF3070BD0AB9002070BD10F8013B11F843
:10050000014B63B1A3420AD1521E08D010F8013B3F
:1005100011F8014B1BB1A34201D1521EEDD1181BA2
:1005200070BD032A40F2308010F0030C00F01580FB
:1005300011F8013BBCF1020F624498BF11F801CBE6
:1005400000F8013B38BF11F8013BA2F1040298BF4B
:1005500000F801CB38BF00F8013B11F0030300F0B5
:100560002B81083AC0F0088051F8043B083A51F852
:1005700004CBA0E80810F5E7121D5CBF51F8043B5E
:1005800040F8043BAFF30080D20724BF11F8013BD1
:1005900011F801CB48BF11F8012B24BF00F8013B33
:1005A00000F801CB48BF00F8012B704702F0FF03B1
:1005B00043EA032242EA024200F00AB802F0FF03D3
:1005C00043EA032242EA024200F024B84FF000025C
:1005D0000429C0F0128010F0030C00F01B80CCF155
:1005E000040CBCF1020F18BF00F8012BA8BF20F8C3
:1005F000022BA1EB0C0100F00DB85FEAC17C24BF17
:1006000000F8012B00F8012B48BF00F8012B7047C0
:100610004FF0000200B5134694469646203922BF9B
:10062000A0E80C50A0E80C50B1F12001BFF4F7AFE6
:10063000090728BFA0E80C5048BF0CC05DF804EBC8
:10064000890028BF40F8042B08BF704748BF20F836
:10065000022B11F0804F18BF00F8012B704710B526
:10066000044610F0030F08BF11F0030F40F015808F
:100670004FF0013E121FC0F20E8051F8043BA3EB75
:100680000E0C2CEA030C1CEACE1C08BF40F8043BFD
:10069000F0D0A1F1040102F10402521E08DB11F8AE
:1006A000013B00F8013B002BF7D11146FFF78EFF0D
:1006B000204610BD0000000030B44FF0013C50F85F
:1006C000042B51F8043BCCFA52F4D51A20D1FCB9D2
:1006D00050F8042B51F8043BCCFA52F4D51A17D138
:1006E000B4B950F8042B51F8043BCCFA52F4D51AA3
:1006F0000ED16CB950F8042B51F8043BCCFA52F4EB
:10070000D51A05D1002CDAD030BC4FF0000070476C
:1007100029BAB1FA81F111F01801D1F12000844019
:10072000F2D1CA40CB4012F0FF0213F0FF0330BCFD
:10073000D01A7047704770477047000000487047F4
:10074000E001002070B5064600F068F8056806F183
:100750000B0020F00704B4429CBF002070BD2B4664
:100760006A68BAB11068A04210D304F10801884247
:100770003CBF5068586007D3516810194160116838
:10078000091B016058601460101D70BD134652684B
:10079000002AE7D12146284600F048F80028DED19B
:1007A00070BD10B5FFF7BAFD006810BD10B5044666
:1007B000FFF7B4FD046010BD10B5203AC0F00B8007
:1007C000B1E81850A0E81850B1E81850A0E8185047
:1007D000203ABFF4F5AF5FEA027C24BFB1E81850BD
:1007E000A0E8185044BF18C918C0BDE810405FEA1F
:1007F000827C24BF51F8043B40F8043B08BF70479B
:10080000D20728BF31F8023B48BF11F8012B28BF9F
:1008100020F8023B48BF00F8012B704700487047A2
:10082000E8010020704770477047704738B50446AC
:100830000A4600206946AFF30080002808BF38BD93
:1008400002460099204600F0A0F8012038BD0120A2
:1008500000F0C5B8F8B5AFF30080054600200C469F
:10086000102000BF0646A819A0420DD9324669469D
:100870000020AFF30080070008BF00F0B0F8009838
:10088000A04218BF0546C419FFF7C8FF0560074618
:10089000F01D20F007004619284600F00AF8B4427F
:1008A00008BFF8BDA21B31463868BDE8F84000F02B
:1008B0006CB800210160C0E901107047102070473A
:1008C00070B50446051FFFF7A9FF0068002C14BF90
:1008D000446870BD002C18BFAC423CBF2046646821
:1008E000F8D301680A18AA4218BF456003D12A68E4
:1008F00005461144016028684119A1421CBF6C6083
:1009000070BD6168696021680844286070BD00009E
:100910001FB584B000200A9C06AB04AA02A900946B
:10092000AFF3008018B1DDE9020108B010BD034843
:10093000204000F04DF800200146F6E70000207C42
:100940007546FFF7FBFEAE4605006946534620F0AC
:100950000700854618B020B5FFF7CEFCBDE8204063
:100960004FF000064FF000074FF000084FF0000B6B
:10097000AC46ACE8C009ACE8C009ACE8C009ACE8DA
:10098000C00921F007018D467047034640688C4638
:10099000002818BF88423CBF03464068F8D3186857
:1009A0001844884207D00CF1030020F00700001D16
:1009B000411A521A0146081D0A60FFF781BF10B59F
:1009C0000446AFF300802046BDE81040FFF77FBC2F
:1009D00010B500F011F8BDE8104000F008B810B5EF
:1009E00000F060F8BDE8104000F001B87047002842
:1009F00001D000F07FB8704710B5022803D0410144
:100A000003D50DA112E0002010BD010101D50FA1F9
:100A10000CE0C10001D511A108E0810001D512A1AF
:100A200004E0400001D513A100E0002115A000F072
:100A300067F8012010BD0000496E76616C69642082
:100A40004F7065726174696F6E0000004469766969
:100A50006465204279205A65726F00004F76657296
:100A6000666C6F7700000000556E646572666C6F8F
:100A700077000000496E6578616374205265737574
:100A80006C7400005349474650453A2041726974DE
:100A9000686D6574696320657863657074696F6EED
:100AA0003A20000010B5012805D0002103A000F075
:100AB00027F8012010BD09A1F8E70000534947526B
:100AC000544D454D3A204F7574206F66206865611E
:100AD00070206D656D6F7279000000003A204865E6
:100AE0006170206D656D6F727920636F72727570C1
:100AF0007465640001491820ABBEFEE726000200C1
:100B000070B505460C460A2000E06D1C00F011F897
:100B100035B128780028F8D102E0641C00F009F80B
:100B200014B120780028F8D1BDE870400A20AFF356
:100B3000008008B569468DF800000320ABBE08BDF3
:100B400080B540F6CC30C2F2000002F0DFF940F68A
:100B50003840C2F20000BDE8804002F0D7B9000082
:100B600070B50D460446206806F0A4FF06462068CE
:100B700006F060FF30435ED02068C16811F0007F4E
:100B800019D0617F012916D1217F012913D1016874
:100B900011F0400F0BD14FF0FF310022CAF240326A
:100BA000013191423DD2036813F0400FF8D040214B
:100BB0000160012503E0022D01D102250FE006F0BE
:100BC00079FF18B1206806F061FF18B1012D06D138
:100BD000042616E0206806F0A3FF012DF8D0206857
:100BE00006F028FF30B1206806F050FF10B92068E9
:100BF00006F03AFF0426022D08BF0826032D08BF81
:100C00000C2603F0A5FC054620688068304212D00F
:100C100003F09EFC401B0628F6D320688068304213
:100C2000F2D0E06D40F01000E065206E40F0010071
:100C30002066012070BD002070BD0000B0B50446E4
:100C4000206806F023FF0546206806F023FF0146D2
:100C500000203DBB002908BFB0BD2068816801F0BD
:100C60000D0101291FD106F087FE206803210160D4
:100C700003F06EFC05462068806810F0010F04BF89
:100C80000020B0BD03F064FC401B032804D320689F
:100C9000806810F0010F06D12068806810F0010F05
:100CA000F0D10020B0BDE06D40F01000E065206E96
:100CB00040F0010020660120B0BD0000B0B582B058
:100CC000044600250195206806F0E4FE00285BD16B
:100CD000206881683F22C8F20002114209D0E06D0D
:100CE00040F01000E065206E40F001002066012514
:100CF0004AE006F053FE06F065FE10F4000F19D02E
:100D000040F24C00C2F200000068800942F66351D4
:100D1000C0F23E51A0FB0101880900EB40000C210C
:100D200001EB800002E000BF0198013801900198BA
:100D30000028F9D103F00CFC05462068016811F089
:100D4000010F16D106F0A6FE10B9206806F026FEA7
:100D500003F0FEFB401B032804D32068006810F05A
:100D6000010F08D02068016811F0010FEAD00025BA
:100D70000AE0002508E0E06D40F01000E065206E1C
:100D800040F0010020660125284602B0B0BD0000F9
:100D900080B58B800A6041F2F12CC0F6000C012373
:100DA000038041F2B123C0F6000341F25922C0F69C
:100DB000000241F2F92EC0F6000EC0E901C3C0E9FD
:100DC000032E416180BD0000FEE70000024640F2B4
:100DD0000001C2F200010820C86041F2F470C2F2C2
:100DE000000090F86C0140F4A060086040F6645088
:100DF000C2F2000002F0DCBD21281ED020283DD127
:100E0000E1B3072A3AD3086840F2A812C2F20002FE
:100E10001060087941F28022C2F200021070487915
:100E200041F28422C2F200021070887940F2AC11C3
:100E3000C2F20001087000207047F9B1072A1DD3E3
:100E400040F2A810C2F2000000680870020A4A705E
:100E5000020C8A70000EC87041F28020C2F20000BD
:100E60000078087141F28420C2F2000000784871D5
:100E700040F2AC10C2F20000007888710020704788
:100E80000020704710B540F6FC04C2F2000440F2A6
:100E9000BC71C2F200012046002209F063FE40F25C
:100EA000BC61C2F20001204609F052FE002010BDD4
:100EB000B0B5044600F00EF840F6FC05C2F200059D
:100EC0002846214609F044FE284609F019FE002074
:100ED000B0BD0000B0B504460D68002D08BFB0BD20
:100EE00014F8010B0EF05CF9013DF9D1B0BD000022
:100EF00080B500F003F8002080BD000042F2E03031
:100F0000C2F2000000F04EB80A46014640F6FC006E
:100F1000C2F20000D0F8BC02D0F8140200281CBFB6
:100F20000120704710B540F6FC04C2F200042046D0
:100F300009F018FE2046BDE8104009F0A7BE0000E9
:100F4000B0B50C46054640F20C41FFF761FB05F5D4
:100F50000070C5F80C44C5F80054C5F80404B0BDD1
:100F600010B50446B4F8081429B1D4F80C2412B111
:100F700094F80A0400B110BDD4F804049047002886
:100F800018BF10BD0020A4F80804012084F80A044A
:100F9000D4F80004D4F80414C4F80014C4F8040409
:100FA00010BD0000002180F80A14FFF7D9BF00002F
:100FB00070B515460E460446142003F03DFBB4F808
:100FC0000804C0F5007189B2A94204D2142003F0CC
:100FD00035FB002070BDD4F80414084431462A467D
:100FE000FFF79FFAB4F808042844A4F80804204640
:100FF000FFF7B6FF142003F021FB012070BD0000B5
:1010000010B50023B9B14FF4FF7C00BF027882EA2B
:10101000030E0139002400BF0CEA4E031EF0800FBE
:1010200018BF83F007030134E2B2082A9E46F3D3C7
:1010300001300029EAD1D8B210BD0000006A704723
:10104000B0B50446FFF7FAFF05462868FFF7F6FD3E
:101050006868FFF7F3FD286801F002FD002060706A
:10106000B0BD000010B5C1E900230022028041F2AA
:10107000C903C0F6000341F2A50CC0F6000C41F212
:10108000410EC0F6000E41F2E904C0F60004C0E9CA
:101090000122C2600361C0F814C0C0F818E0C0E9C2
:1010A000074110BDB0B50446FFF7C8FF05462868E4
:1010B000FFF704FE6868FFF701FE286801F04AFCAC
:1010C00001206070B0BD0000B0B50446FFF7B6FF68
:1010D000054628687F2101F0B7F968687F2101F093
:1010E000B3F901202070B0BD10B50446FFF7A6FF8C
:1010F0004168096891ED200A9FED191A9FED192AA0
:10110000B8EE400A9FED183A31EE400A9FED171AEB
:1011100080EE020AB3EE044A20EE030A80EE040ACF
:1011200080EE010A84ED010A0068006890ED205A03
:101130009FED0F6AB8EE455A35EE065A85EE022A43
:1011400022EE032A82EE042A82EE011A30EE010A10
:10115000B1EE400A84ED021A84ED030A10BD00BF0F
:101160000000004500F07F4533335340CDCC4C3D6B
:10117000000000C540F6A440C2F2000002F058BAD8
:1011800040F60450C2F2000002F052BA80B540F2BC
:10119000084EC4F2020E0EF58F62C2640268D0F8E7
:1011A00044C00EF58363724538BF0EF57E732CF094
:1011B0000301194481646FF0070151FA82F14CF682
:1011C000CD43CCF6CC43A1FB0313062101EB131155
:1011D000724538BF190901F01F01012202FA01F11D
:1011E000016580BD40F60011C4F2020101F1400C1E
:1011F000436803F07F03013B01EB830103F01F030E
:1012000001229A40C0E9151CC265704710B5D0E9AB
:1012100013CECCF804E0D0F854C0BCF1000F1CBFD2
:10122000D0E916CECCF804E0D0E910CE0EF01F0EB7
:10123000012404FA0EF4CCF804400468636080686A
:101240001028084608BF1046A06008BF0A46E260A2
:1012500010BD00004069704770B50446FFF7FAFF03
:1012600005469FED120A21692046F0EE400AB0EED5
:10127000401A884728680026002105F0F9FE2868F2
:10128000042105F0F5FE2868082105F0F1FE286824
:10129000002105F071FA2868042105F06DFA28682C
:1012A000082105F069FA667070BD00BF00000000FB
:1012B000B0B50446FFF7CEFF05462868002105F0CB
:1012C00043FE2868042105F03FFE2868082105F048
:1012D0003BFE2868002105F0E5F92868042105F0A7
:1012E000E1F92868082105F0DDF901206070B0BD42
:1012F000012101707047000080B52DED068BB0EE26
:10130000418AB0EE609AB0EE40AA4178E9B1FFF7A9
:10131000A1FF818800EE101AB8EE400A006820EEA6
:101320000A1ABCEEC11A006820EE092A20EE080A4B
:1013300011EE101ABCEEC21A4163BCEEC00A11EEE7
:10134000101AC16310EE101A8163BDEC068B80BDCC
:10135000704700004069704710B5044620780028A7
:1013600008BF10BD2046FFF7F5FF026881881046D0
:10137000012203F0E5F80020607010BDF0B581B0E7
:101380000446207808B32046FFF7E4FF05462868A6
:10139000A9880127012203F0D3F8A86840F2440687
:1013A000C2F20006314601224FF0FF3304F080FE06
:1013B0002868A988002203F0C3F8A86831460222F1
:1013C0004FF0FF3304F074FE677001B0F0BD000011
:1013D0004178002904BF9FED120A704710B5FFF74E
:1013E000B9FF806840F24824C2F20004214604227A
:1013F0004FF0FF3304F08CFD2078617849089FEDB1
:10140000090A41EAC0109FED081A02EE100AB8EE70
:10141000C22A22EE000A30EE000A20EE010A10BDB8
:101420000000000000000038DB0F4940012101707E
:101430007047000080B58B800A60029A8A6041F292
:101440002D4CC0F6000C0023038041F27D33C0F622
:10145000000341F25932C0F6000241F2D13EC0F61B
:10146000000EC0E901C3C0E9032E416180BD000048
:10147000EFF3108072B600BFFEE7000040F6645044
:10148000C2F2000002F0B8BB40F66450C2F20000A5
:1014900002F0B2BB4AF20041C4F2000101640268EA
:1014A000D2F88030D0F834C023F4F81343EA0C4368
:1014B000C2F8803001F170034364D2F88030D0F874
:1014C00038C023F0706343EA0C63C2F8803001F542
:1014D000C472C26401F1B002826401F5187202653F
:1014E00001F51E724265002001F5547241F8040BAB
:1014F0009142FBD3704700002DE9F043D1E900CEC3
:10150000D1E90248D1E90469D1E9065734434CEAEC
:10151000040646F08046BEF1000F08BF44EA8C4640
:10152000406D03EBC3030C6A40F8336000EBC3006B
:1015300047EA04632B4343EA090343EA0843436051
:10154000CB68002B08BFBDE8F0830830002343F6CA
:10155000102CC0F6010C00BFD758C750CF681CF83C
:1015600007700433BB42F7D3BDE8F083B0B588B051
:101570000025CDE902550495012005904FF48060C7
:10158000069040F20F40079040F66454C2F2000407
:1015900002A9204602F032FA0095204602210222DA
:1015A000002302F05DFA204602F046FD20460121AC
:1015B000002202F07BF908B0B0BD000040F2B0108C
:1015C000C2F20000027F42F20001C4F20201032ACB
:1015D00003D0022A15D0012A1FD10B6823F400730F
:1015E0000B600B6843F400630B600B6823F400632B
:1015F0000B600B6843F400730B6002F0FE02022ADA
:101600000BD10A6842F480520A600A6822F48052C0
:101610000A600A6842F480620A600021017770471C
:10162000C00742F21400C4F202001EBF016841F07C
:1016300004010160016841F48031016070470000DD
:101640004FF4FF6101EAC00042F21401C4F202014A
:101650000A6822F4FC7210430860086840F0020037
:101660000860086840F480300860704742F2140C4B
:10167000C4F2020CDCF8001041F00101CCF80010BB
:101680000260BFF36F8F43607047000042F21402A4
:10169000C4F20202136843F480231360EFF3108C4A
:1016A000EFF3108372B6402351F8042B40F8042B5B
:1016B000013B13F0FF0FF7D18CF310887047000047
:1016C00070B5044602F044FF054642F21006C4F22B
:1016D000020600BF306810F4803F07D002F038FFE8
:1016E000401BA042F6D90320C0B270BD30684CF256
:1016F000FA3108400AD040F2B011C2F200014A6843
:1017000002434A6030600120C0B270BD306810F002
:10171000010F1CBF012030600020C0B270BD00006E
:101720002DE9F04F81B02DED088BC0B040F2FC7078
:10173000C2F2000040F61401C2F2000141F20812A8
:10174000C2F2000240F64D03FFF722FB41F2A40073
:10175000C2F20000009040F61C00C2F2000040F609
:101760003401C2F2000140F60002C4F60002102368
:10177000FFF760FE40F6D000C2F2000040F6F40130
:10178000C2F2000140F6CC32C2F2000240F6384309
:10179000C2F20003FFF766FC41F6C43BC2F2000B45
:1017A00041F6DC31C2F200014DF60002C0F6010242
:1017B00058464FF4205307F0E1FF9FED498A40F669
:1017C0008804C2F200042046B0EE480A06F0BEFAD1
:1017D00040F64005C2F200052846B0EE480A06F081
:1017E000B5FA9FED400A41F67C36C2F2000630465B
:1017F00006F0ACFA9FED3C8AB2EE049AB7EE00AA6E
:10180000BFEE00BA33AF38460121B0EE490AF0EE20
:101810004A0AB0EE481AF0EE481AB0EE4A2AF0EE44
:101820004B2A07F0FFF80DF1980840460121B0EE71
:10183000490AF0EE4A0AB0EE481AF0EE481AB0EE45
:101840004A2AF0EE4B2A07F0EDF89FED280ADFED6B
:10185000280A9FED281ADFED281A9FED282ADFEDD0
:10186000282A0DF164094846002107F0DBF89FEDB6
:10187000250ADFED250A9FED252ADFED252A0DF14A
:10188000300A50460021B0EE481AF0EE481A07F030
:10189000C9F808A880E800078DE8700040F2FC70E5
:1018A000C2F20000039040F61C00C2F20000CDE935
:1018B000040B40F6D000C2F20000CDE9060741F269
:1018C000F470C2F200000E2141F2883244F6206327
:1018D00007F03EFA40B0BDEC088B01B0BDE8F08FD8
:1018E0000080BB44000096430000C07FA69B443BA1
:1018F000EE93A33800401C4600401CC63333D33F50
:101900003333D3BF000096440000000000007A4447
:1019100000007AC4F0B581B02DED108B0446E0795B
:1019200008B1207A18B1BDEC108B01B0F0BD0020D9
:101930006072204600F096FAD4F8E0009FEDAA9A73
:101940000169B0EE490AF0EE490AB0EE491A88473B
:101950009FEDA6AA9FEDA6BA9FEDA6CAB0EE498A52
:10196000D4F8E80094ED410A90ED011A31EE400AF6
:10197000B4EECA0AF1EE10FA13DAD4F8E000016905
:1019800038EE0B8AB0EE480AF0EE490AB0EE491A7A
:10199000884701200CF090FDB4EECC8AF1EE10FAED
:1019A000DEDB0020C4F8FC0064259FED93DAB0EE86
:1019B000089AB1EE00AA00BFD4F8E80094ED3F0AFF
:1019C00094ED411A94ED592A90ED013A28EE022A3D
:1019D00033EE411A82EE011A81EE091A21EE0A1A3B
:1019E00081EE0D1A30EE010A84ED3F0A01200CF061
:1019F00063FD013DE0D19FED7CBA2046B0EE4B0A7D
:101A0000F0EE4B0AB0EE4B1A00F008FC28EE0A0A82
:101A1000FFEE000AB7EE001A80EE090A0BF0E6FDB1
:101A2000B0EE408A9FED750A28EE009A2046B0EE8F
:101A3000490AF0EE4B0AB0EE4B1A00F0EFFB6425BA
:101A400064200CF039FD00BFD4F8E4000169884738
:101A500080EE0D0A013D3BEE00BAF5D100259FED69
:101A600068EA9FED68AA9FED60CA00BF00EE105AB9
:101A7000B8EEC00A20EE0E0A80EE0A1A2046B0EE3A
:101A8000490AF0EE4C0A00F0C9FB01200CF014FDED
:101A90000135B5F5FA7FE9D1642500BFD4F8E4003B
:101AA0000169884780EE0D0A013D3CEE00CAF5D180
:101AB0009FED4DAA2046B0EE4A0AF0EE4A0AB0EE7B
:101AC0004A1A00F0ABFB9FED500A9FED50FA002040
:101AD0003BEE000AB4EECBCAF1EE10FA4FF0000173
:101AE000C8BF0121B4EEC0CAF1EE10FA4FF00002F7
:101AF000B8BF01223BEE0F0A1140B4EEC0CAF1EEAE
:101B000010FAB8BF0120084384F8F80020780028B4
:101B100047D000259FED34BADFED3D8AB0EE4BAAE9
:101B2000002600BF00EE106AB8EEC00A20EE0E0AD2
:101B300080EE281A2046B0EE490AF0EE4B0A00F07B
:101B40006DFB01200CF0B8FC0136FA2EEAD12046DC
:101B5000B0EE480AF0EE4B0AB0EE4B1A00F05EFB16
:101B60004FF496700CF0A8FC642600BF94F8F8704F
:101B7000D4F8E40001698847B0EE40CA01200CF0B7
:101B80009BFC3EEE4C0A002F08BFB0EE4C0A80EEE4
:101B90000D0A013E3AEE00AAE8D1207801358542CF
:101BA000BEDB9FED110A2046F0EE400AB0EE401A6F
:101BB00000F034FB2078411E00EE101A01EE100AEE
:101BC000B8EE400AB8EE411A00EE0FAA01208AEEE4
:101BD000010A607284ED430A0A20BDEC108B01B04B
:101BE000BDE8F0400CF068BC000000007A14BE3F75
:101BF0006F12833ACDCC4C3F0000C8429A99193FEE
:101C0000DB0FC9400000FA43DB0F4940DB0F49C03E
:101C100000007A43B0B52DED028B0C460546042C2E
:101C200054D8DFE804F0031520380C0095ED251A90
:101C3000D5ED260A0BF0DAFC85ED450A46E085ED88
:101C40004A0A95ED460A05F1AC0006F0FFFE3DE0BC
:101C500095ED321AD5ED330A0BF0C8FC05F178008A
:101C600006F0F4FE32E0DFED1B0A9FED1B8AB0EEBA
:101C7000481A00F0B3FB95ED461A9FED182A30EE96
:101C8000411AB4EEC21AF1EE10FA12DD9FED151AE8
:101C900030EE010A16E005F1AC00697BA14214BFE9
:101CA00095ED461A95ED2C1A31EE000A06F0CEFE9F
:101CB0000CE09FED0B2AB4EEC21AF1EE10FAB8BF99
:101CC00030EE080A05F1AC0006F0C0FE6C73BDEC06
:101CD000028BB0BD00000000DB0FC940DB0F4940A4
:101CE000DB0F49C0DB0FC9C010B52DED028B0446D8
:101CF000E079002800F09D80607A002800F099804B
:101D0000207A18B9207B002800F0968094ED468A4E
:101D1000607B042800F28780DFE800F04F471C1C3E
:101D200003009FED4A0A94ED2C1A94ED4A2A60882C
:101D30009FED473A22EE000A02EE100AB8EE422A60
:101D400080EE020A80EE030A04F1AC0031EE000AD4
:101D500006F07CFE40F25020C2F2000090ED000A36
:101D60009FED3D1A30EE480AB4EEC10AF1EE10FACA
:101D700002DD9FED380A08E09FED381AB4EEC10A83
:101D8000F1EE10FA07DA9FED310A94ED2C1A30EEDD
:101D9000010A84ED2C0A04F1AC00B0EE480A06F00A
:101DA000ADFD04F1780006F051FE94ED490A04F10E
:101DB000780006F0A3FD84ED450AA07A68B3E07AC6
:101DC00058B3207B48B39FED260A9FED231AB6EE49
:101DD000002A28EE000A20EE020A80EE010A30EE08
:101DE000020ABDEEC00A10EE100A44F6D351C1F249
:101DF0006201A0FB0112D1094FF4FA6201FB12004B
:101E0000D4F8101101EB800094ED450A90ED001A12
:101E100004F1100030EE010A03E094ED450A04F1EC
:101E2000100006F013FE40F25020C2F2000080EDD8
:101E3000008ABDEC028B10BDD4F8180140F250218D
:101E4000C2F200010860BDEC028B10BDDB0FC9407F
:101E500000007042DB0FC9C0DB0F4940DB0F49C0F7
:101E60000000FA4470B52DED028B0446E07908B10C
:101E7000207A10B1BDEC028B70BD9FED1A0A657A15
:101E8000002666722046F0EE400AB0EE401A00F0DE
:101E9000C5F91E200CF010FBC4E94166C8269FED71
:101EA000128A00BFD4F8E80090ED010A94ED411ABF
:101EB00094ED422A80EE080A31EE000A84ED410AD0
:101EC00090ED020A80EE080A32EE000A84ED420A22
:101ED00001200CF0F1FA013EE4D16572BDEC028BF9
:101EE00070BD00BF000000000000484310B504466C
:101EF000A079002808BF10BDD4F8E000417859B996
:101F000081688847D4F8E0009FED0B0A0169F0EE84
:101F1000400AB0EE401A8847D4F8E400417809B985
:101F200081688847D4F8E800417809B94169884751
:101F30000120E07110BD00BF0000000010B5044694
:101F4000D4F8E000017809B941688847D4F8E40082
:101F5000017809B941688847D4F8E800017809B9DF
:101F6000016988470120A07110BD0000F0B581B063
:101F70001D4616460F4604464FF4B471FEF748FB63
:101F800066802770A5800698C4F8EC000798C4F80E
:101F9000F0000898C4F8F4000998C4F8E0000A9822
:101FA000C4F8E4000B98C4F8E8000C9890E88E00A0
:101FB000D0E90465C4E9086504F1100C8CE88E00D2
:101FC00000F118078ECFD0E90A65C4E90E6504F167
:101FD000280C8CE88E00006B20640D9890E88E0031
:101FE000D0E90465C4E9156504F1440C8CE88E0061
:101FF00000F118078ECFD0E90A65C4E91B6504F12A
:102000005C0C8CE88E00006B60670E9890E88E0088
:10201000D0E90465C4E9226504F1780C8CE88E00EF
:1020200000F118078ECFD0E90A65C4E9286504F1EC
:10203000900C8CE88E00006BC4F8A8000F9890E814
:102040008E00D0E90465C4E92F6504F1AC0C8CE87E
:102050008E0000F118078ECFD0E90A65C4E9356516
:1020600004F1C40C8CE88E00006BC4F8DC004FF463
:10207000FA600421FEF756F9C4F81001012084F833
:10208000F8000020C7F6C070C4E93F004FF07E5052
:10209000C4F864010020607301B0F0BDB0B52DED4F
:1020A000068B0446E079002856D0607A002853D089
:1020B000D4F8E80094ED410A94ED421A90ED012A1B
:1020C00090ED023A90ED034A30EE044A32EE400AB7
:1020D00073EE410A31EE041A204600F0F9F894ED4F
:1020E00043AA94F8F850D4F8E40001698847B1EEA7
:1020F000401A9FED448A9FED449A002D08BFB0EE30
:10210000410A3AEE000AF0EE480AB0EE491A00F031
:1021100065F984ED460A207801EE100AB8EE411AFE
:1021200020EE010AF0EE480AB0EE491A00F056F926
:1021300094ED461A94ED473A33EE412A9FED334A27
:1021400031EE431A84ED480AB4EEC42AF1EE10FAD7
:1021500005DD31EE091A0DE0BDEC068BB0BD9FED3B
:102160002C0AB4EEC02AF1EE10FABCBF9FED290A8A
:1021700031EE001A9FED280AD4F8F400A18802EE8F
:10218000101A21EE000AB8EE421A016820EE010A88
:1021900080EE090A884784ED490AD4F81801C4F88A
:1021A0001C01207A08B9207B20B394ED580A04F171
:1021B000440006F0A3FB40F25420C2F2000080ED80
:1021C000000A94ED570A04F1100006F097FBB0EEF8
:1021D000408A40F25420C2F2000094ED481A90ED7B
:1021E000000A2046F0EE480ABDEC068BBDE8B04080
:1021F00000F014B840F25420C2F200000021016047
:10220000E7E700BF00000000DB0FC940DB0F4940DB
:10221000DB0F49C0DB0FC9C00000704210B52DEDC7
:10222000088BB0EE418A04469FED201A20EE81AA69
:1022300020EE01BA84ED50AA84ED51BAB0EE480AFE
:102240000FF084FCB0EE409AB0EE480A0FF07EFD2D
:102250002BEE001A2BEE092A9FED153AB6EE004A36
:102260000AEE091A0AEE402A21EE045A22EE042A46
:1022700025EE031AB7EE083A32EE040A02EE441ACB
:1022800033EE403A71EE040A33EE601A04F59670AC
:1022900080EC030A84ED4E2A84ED4F5AD4F8E00016
:1022A0000169BDEC088BBDE810400847A4707D3F74
:1022B000D7B35D3FC179002908BF7047417A002933
:1022C0001CBF01210172704700210172704700009C
:1022D00070B52DED068BB0EE418AB0EE609AB0EE8F
:1022E00040AA04461AEE100A11F044F805460E46BC
:1022F00019EE100A11F03EF802460B4610F040F8B5
:102300002A46334610F03CF89FED1F0B53EC102B80
:1023100010F00CFC84ED52AA84ED539A84ED548A9B
:1023200084ED55AA0FF056FF94ED480AC4F8580101
:102330000FF00CFCB0EE408A94ED480A0FF006FD59
:10234000B0EE409A94ED551A94ED560AD4F8EC008C
:1023500028EE000A016809EE410A884794ED551AF3
:1023600094ED562A84ED570AD4F8F00028EE010ABD
:10237000016809EE020A884784ED580ABDEC068B15
:1023800070BD00BF00BF00BF00000040A779E23F62
:10239000B5EE400AF1EE10FA08BF704790ED591AF9
:1023A00090ED062A90ED073A90ED134A90ED145AFD
:1023B00081EE001A22EE012A21EE044A21EE033AB0
:1023C00021EE051A80ED590A80ED062A80ED073AC4
:1023D00080ED134A80ED141A7047000080B52DED92
:1023E000048BB0EE418AB0EE609A30EE490A78EE86
:1023F000490A0FF053FCB5EEC00AF1EE10FAB8BF6F
:10240000B0EE489A30EE090ABDEC048B80BD0000A6
:1024100047F29051C1F6FF7108688A68801808BFBA
:102420007047B0B54C6840F28C15C2F20005A91C8B
:10243000082205F085FA05F1120120460422BDE8C4
:10244000B04005F07DBA000070B582B00E4604467B
:102450000020019094F85800012801D1022537E0AE
:10246000012084F858002046FEF7E8FB0546E06DA1
:1024700015B140F0100027E041F20211884340F00E
:102480000200E0652068314605F01EFC206805F07A
:10249000F5FA70B14DF60266C0F2040601980130FB
:1024A00001900198B04209D2206805F0E7FA0028AF
:1024B000F4D1E06D012161F3010005E0E06D20F051
:1024C000120040F010000125002184F85810E0654A
:1024D000284602B070BD0000704700002DE9F041B1
:1024E00082B00D4604460020019094F8580001285F
:1024F00001D1022727E2012084F85800606910B159
:10250000296A012919D1686809283ED12868A96A71
:102510004FF4785202EA504021B101F07C010843A7
:10252000E96A08432168CA6C44F20003C0F2104310
:102530001A400243CA64606627E0A26E00204AB9CE
:10254000C4E91901481EA96A21B101F07C010843C0
:10255000E96A0843D5E90012D4E91937013FA766B3
:1025600002F01F02C1F3846101FA02F140EA0100A6
:1025700040EA0300606608D12168CA6C44F2000397
:10258000C0F210431A401043C864206805F056FAA0
:1025900080B995F825302068C16821F4401195F87C
:1025A00026205205002B04BF95F8243042EA03523E
:1025B0001143C160206805F081FA0646206805F0E5
:1025C0003DFA304301D00027EDE0A86A58B1E86A2F
:1025D00048B195F82500012811D1E06D40F02000A8
:1025E000E065012711E095F825002168CA6822F00E
:1025F0000073012808BF42F00073CB6004E020683C
:10260000C16821F00071C160002795F83020206872
:102610000169012A08D1D5E90D2321F4FF71114385
:10262000194341F0020101E021F002010161296832
:10263000AA68B2F1004F06D1002205F08BFA20689B
:102640004FF0004103E005F085FA2068002105F015
:1026500035FBD5E904122068C368042940F08C805A
:10266000002105F0DDF906462068002105F0D8F9C3
:10267000C0F3846190FAA0F04FF6FF78C0F207082B
:1026800016EA080F18BFB0FA80F12868C0F3846218
:1026900090FAA0F310EA080F18BFB3FA83F2914240
:1026A00003D12068002105F0FBFA2068012105F024
:1026B000B7F906462068012105F0B2F9C0F384613C
:1026C00090FAA0F016EA080F18BFB0FA80F1286857
:1026D000C0F3846290FAA0F310EA080F18BFB3FAAF
:1026E00083F2914203D12068012105F0D9FA2068D4
:1026F000022105F095F906462068022105F090F9BF
:10270000C0F3846190FAA0F016EA080F18BFB0FA7F
:1027100080F12868C0F3846290FAA0F310EA080FF1
:1027200018BFB3FA83F2914203D12068022105F069
:10273000B7FA2068032105F073F9064620680321E3
:1027400005F06EF9C0F3846190FAA0F016EA080F64
:1027500018BFB0FA80F12868C0F3846290FAA0F341
:1027600010EA080F18BFB3FA83F291421BD1206818
:10277000032105F095FA16E0062606EA930302FA0D
:1027800003F32A6805F054FA2969AA69206805F05C
:1027900077FA296920682A7F013AB2FA82F252094F
:1027A000520605F05DFA206805F078F900286BD133
:1027B0002968EA68206805F0F5F9E8680021C4F2A4
:1027C0007F01884260D12B681A466FF3DF4293FA8B
:1027D000A3F0B0FA80F1002A084608BF980E013035
:1027E00000F01E062068092E0ED8E2B14A1C02F045
:1027F0001F02012303FA02F24FF0806303EB8163AF
:1028000003F0F8431A431DE00AB34A1C02F01F020A
:10281000012303FA02F24FF0806303EB816303F0BC
:10282000F8431A4322E0012101EB936202F01F02F8
:10283000914003F0F84202F1806202F0F8420A434C
:10284000C3F38461013101F01F01002314E0012171
:1028500001EB936202F01F02914003F0F84202F193
:10286000806202F0F8420A43C3F38461013101F04F
:102870001F010A394FF0007301EB410143EA015196
:102880001143AA6805F066F9688848F20801084211
:1028900056D005F09FF829680022CCF221329142EF
:1028A00004D01022C9F2C002914224D1010247D4BF
:1028B0002168B1F1A04F43D140F4000005F09EF92A
:1028C00040F24C00C2F200000068800942F66351F9
:1028D000C0F23E51A0FB0101880900EB4000182125
:1028E00001EB800002E000BF0198013801900198DF
:1028F0000028F9D124E00022CCF25272914208BFA4
:1029000010F0807211D00022CCF68432914208BFC0
:1029100010F4800114D1216840F20012C5F20002C7
:1029200091420DD040F4800008E0216840F200128E
:10293000C5F20002914203D040F0807005F05EF9CC
:10294000002084F85800F8B202B0BDE8F081000021
:1029500070470000B0B5044605F054F805462068FD
:1029600005F06CF800281CBF0220B0BD2068C168CB
:10297000C06C002908DB10F4C07005D1E06D40F098
:102980002000E0650120B0BD94F85800012804BF84
:102990000220B0BD012084F858002046FEF78EF9D1
:1029A00000281EBF002184F85810B0BDE06D10F45F
:1029B000807F1ABF206E20F0080000202066E06DA6
:1029C00043F20101884340F48050E065206840F202
:1029D0000011C5F200018842844608BF4FF0A04CA8
:1029E000002D18BF844503D1E26D22F48012E26508
:1029F00060220260002284F85820C26812F4001F8E
:102A00001EBF426842F480624260A2696FF04003D8
:102A1000082A08BF6FF02003416819404160202157
:102A2000082A08BF4021426811434160844506D00E
:102A3000072D0FD80121A94011F0C10F0AD004F0D1
:102A4000F5FF00281CBF0020B0BD206805F002F88B
:102A50000020B0BDE06D40F48010E0650020B0BD06
:102A600010B5044694F85800012804BF022010BD98
:102A7000012084F8580020460221FEF771F888B939
:102A80002068416821F48C61416005F017F828B195
:102A9000E06D20F48050E065002003E02046FEF762
:102AA000CDF818B1002184F8581010BDE06D41F246
:102AB0000111884340F00100EDE70000704700007D
:102AC000704700002DE9F04182B00D46044694F8AD
:102AD0005800012801D1022020E0012084F858008C
:102AE0000020019000902068B0F1A04F0ED140F27C
:102AF0000838C5F20008A8F50276304604F0DEFF7B
:102B00000746206804F0DAFF38430BD0E06D40F050
:102B10002000E0650120002184F85810C0B202B006
:102B2000BDE8F0812968D8F8000020F46040D9B1F0
:102B30006968084394F8381040EA4130C8F800004A
:102B40004FF0A04004F0AAFF0746304604F0A6FF6D
:102B5000384315D1D8F8000040F61F718843296822
:102B6000AA680843104312E0C8F800004FF0A040E4
:102B700004F094FF0546304604F090FF284301D04E
:102B80000020C8E7D8F8000040F61F718843C8F855
:102B900000000020BFE70000F0B581B00D460446FC
:102BA0000020009094F85800012801D102215DE135
:102BB000012084F85800206804F07CFF28B1E06D03
:102BC00040F02000E06501214DE1D5E900212068B9
:102BD00004F080FF206804F06DFF0646206804F0D2
:102BE00029FF304340F0B5802968AA682068B2F117
:102BF000004F06D1002204F09DFF20684FF00041F5
:102C000003E004F097FF2068002105F051F8D5E9B2
:102C100004122068C368042940F08480002104F075
:102C2000F9FE06462068002104F0F4FEC0F384613A
:102C300090FAA0F04FF6FF77C0F207073E4218BFA8
:102C4000B0FA80F12868C0F3846290FAA0F33842A9
:102C500018BFB3FA83F2914203D12068002105F036
:102C600017F82068012104F0D5FE064620680121EE
:102C700004F0D0FEC0F3846190FAA0F03E4218BF89
:102C8000B0FA80F12868C0F3846290FAA0F3384269
:102C900018BFB3FA83F2914203D12068012104F0F6
:102CA000F7FF2068022104F0B5FE064620680221E5
:102CB00004F0B0FEC0F3846190FAA0F03E4218BF69
:102CC000B0FA80F12868C0F3846290FAA0F3384229
:102CD00018BFB3FA83F2914203D12068022104F0B5
:102CE000D7FF2068032104F095FE064620680321E3
:102CF00004F090FEC0F3846190FAA0F03E4218BF49
:102D0000B0FA80F12868C0F3846290FAA0F33842E8
:102D100018BFB3FA83F291421BD12068032104F05B
:102D2000B7FF16E0062707EA930302FA03F32A68BF
:102D300004F06EFF2969AA69206804F099FF2969E7
:102D400020682A7F013AB2FA82F25209520604F050
:102D50007FFF206804F09EFE00286BD12968EA6896
:102D6000206804F007FFE8680021C4F27F01884270
:102D700060D12B681A466FF3DF4293FAA3F0B0FAE2
:102D800080F1002A084608BF980E013000F01E07A7
:102D90002068092F0ED8E2B14A1C02F01F0201235D
:102DA00003FA02F24FF0806303EB816303F0F84310
:102DB0001A431DE00AB34A1C02F01F02012303FA62
:102DC00002F24FF0806303EB816303F0F8431A4390
:102DD00022E0012101EB936202F01F02914003F017
:102DE000F84202F1806202F0F8420A43C3F38461C0
:102DF000013101F01F01002314E0012101EB936276
:102E000002F01F02914003F0F84202F1806202F0EA
:102E1000F8420A43C3F38461013101F01F010A390A
:102E20004FF0007301EB410143EA01511143AA68DD
:102E300004F080FE688848F20801084212D004F0CD
:102E4000C1FD2A680021CCF221318A4204D0102130
:102E5000C9F2C0018A420CD1010203D42168B1F148
:102E6000A04F21D00021002084F85800C8B201B042
:102E7000F0BD0021CCF252718A4208BF10F080717F
:102E800033D000210023CCF684339A4208BF10F4DB
:102E90008002E8D1216840F20012C5F2000291429E
:102EA000E0D040F4800029E040F4000004F09CFEF3
:102EB00040F24C00C2F200000068800942F6635103
:102EC000C0F23E51A0FB0101880900EB40000C213B
:102ED00001EB800000900098002103E00098013889
:102EE000009000980028F9D1BDE7216840F2001257
:102EF000C5F200029142B5D040F0807004F074FE3B
:102F00000021B0E770470000704700002DE9F04352
:102F100081B0044620680168406801EA0007BD07E7
:102F200004F068FD8146002D0DD5E06D10F0100F06
:102F300002BFE06D40F40060E0652046FFF7CCFA88
:102F4000206802210160780740F20018C5F20008ED
:102F500058BF5FEA07704CD5254655F85C0F10F056
:102F6000100F02BF286840F400702860206804F049
:102F7000A9FDC0B320684045014608BF4FF0A041FD
:102F8000814202460CD0B9F1090F00F2E48001221F
:102F900002FA09F240F221231A42024608BF0A4609
:102FA000D16811F4005F1ED1016811F0080F1AD02A
:102FB00004F080FD30B1E06D40F01000E06504F1F8
:102FC00060050CE02068416821F00C014160E06D73
:102FD00020F48070E065E06D10F4805F03D1286814
:102FE00040F0010028602046FFF78CFF20680C218C
:102FF0000160B80658BF5FEA476051D5254655F8CD
:103000005C0F10F0100F02BF286840F400502860D9
:10301000206804F017FD0646206804F053FD0146C1
:103020002068404502460CD1B9F1070F07D80122AC
:1030300002FA09F212F0C10F01D0424601E04FF04E
:10304000A042D26836B3930103D519B312F40051EC
:1030500020D1016892021DD411F040011AD004F071
:10306000E9FC30B1E06D40F01000E06504F160056E
:103070000CE02068416821F060014160E06D20F4BF
:103080008050E065E06D10F4807F03D1286840F047
:103090000100286020460EF03CFD206860210160A0
:1030A000380609D5E06D40F48030E065204600F038
:1030B0003DF9206880210160F8050AD5E06D40F4F3
:1030C0000030E0652046FFF7F9FC20684FF480717E
:1030D0000160B8050AD5E06D40F48020E065204627
:1030E000FFF7EEFC20684FF400710160F80615D57B
:1030F000E06B28B1B9F1000F27D004F073FC50B198
:10310000E06D40F48060E065206E40F002002066D3
:103110002046FFF7F9FE20681021016078055CBFAA
:1031200001B0BDE8F0832068E16D41F48041E165C4
:10313000216E41F0080121664FF480610160204654
:1031400001B0BDE8F043FFF703BC2068C06810F091
:10315000010FD5D1DFE70A4622E70000F0B581B0C4
:103160000446002000909CB3E06D30B9204600F08A
:10317000DFF8002084F858002066206804F082FC04
:1031800010B1206804F002FC206804F08BFCC8B980
:10319000206804F00DFC40F24C00C2F20000006810
:1031A000800942F66351C0F23E51A0FB010188093B
:1031B000022101EB400001E00098013800900098E6
:1031C0000028F9D1206804F06DFC18B100250AE050
:1031D0000125A8E0E06D40F01000E065206E40F0B1
:1031E000010020660125206804F064FC0646E06DBD
:1031F00000F010003043E06D03D040F010000125D6
:1032000090E020F4817040F00200E065206804F056
:1032100041FC78B94FF0A04004F03CFC074640F276
:103220000010C5F2000004F035FC384302D160689C
:1032300004F0D0FC607FE16B41EA4030D4E9021237
:103240001043084394F8242040EA0241012A06D1A1
:10325000A06A0022CFF6FE7202EB40400143E06A12
:1032600020B100F478700843216B01432068C268E4
:1032700044F20703CFF6F0731A401143C1600169AD
:10328000626B21F040611143016104F0D3FB3043D4
:1032900039D1207F94F83810490041EA8031206804
:1032A000C26844F202039A431143C1602169026972
:1032B00049B142F480320261D0F8C02043F6FF7376
:1032C0009A43114307E022F480310161D0F8C01025
:1032D00043F6FF729143C0F8C01094F84020016992
:1032E000012A0DD140F2FD72914304F144078CCFC5
:1032F000266D114319433943314341F0010101E087
:1033000021F00101016120686269016B21F00F0168
:10331000012A02BF226A013A11430163E06D0121D3
:1033200061F30100E065284601B0F0BD7047000080
:1033300070B598B0044600201790CDE91500CDE98E
:10334000130002A84421FDF763F9206840F2001140
:10335000C5F20001884259D0B0F1A04F40F09480EE
:103360004FF0005011904FF40040029002A801F07D
:1033700087FF002818BFFEF77BF840F28420C2F2D6
:10338000000001684A1C026041F24C00C4F20200D5
:1033900041B9016841F400510160016801F4005134
:1033A00001910199016841F001010160016801F09A
:1033B000010101910199016841F002010160006879
:1033C00000F0020001900198032514950420139049
:1033D0000026159613AC4FF09040214600F0D0FF28
:1033E00014954FF400601390159640F20040C4F617
:1033F0000000214600F0C4FF12200421002201F049
:103400001FF9122001F01AF918B070BD4FF00050EA
:1034100011904FF40040029002A801F031FF002803
:1034200018BFFEF725F840F28420C2F200000168C0
:103430004A1C026041F24C00C4F2020041B901682A
:1034400041F400510160016801F4005101910199BA
:10345000016841F001010160006800F00100019085
:10346000019803201490102013900020159013A9A8
:103470004FF0904000F084FF12200421002201F060
:10348000DFF8122001F0DAF818B070BD38B390F808
:103490002510022926D101680A6822F001020A607B
:1034A0000A6822F00E020A60816C0A6822F48072B7
:1034B0000A60D0E9101202F01F02012303FA02F29F
:1034C0004A60D0E913124A60416D31B10A6822F4B2
:1034D00080720A60D0E916124A60002105E00121DD
:1034E000084670470421C1630121002280F824208E
:1034F000012280F8252008467047000090F825102A
:1035000002292FD101680A6822F001020A600A68C4
:1035100022F00E020A60816C0A6822F480720A604E
:10352000D0E9101202F01F03012202FA03F34B60EC
:10353000D0E913134B60416D31B10B6823F48073F4
:103540000B60D0E916134B60002180F8241080F83E
:103550002520826B22B180B590470021BDE88040D4
:10356000084670470421C163002180F8241001211E
:1035700080F8251008467047B0B504464FF0010C9E
:10358000002C51D021680A6822F001020A602268EA
:103590000023C4F2020303F5816503F58063AA42A8
:1035A0003CBF0023C4F202034FF6F835CBF6FD759D
:1035B00038BF05F580652A444CF6CD45CCF6CC45A0
:1035C000A2FB05204FF6FC72C3F6FF7202EA9002DE
:1035D000C4E9103200250D601C2101EA90000CFAAC
:1035E00000F058602046FDF7D1FDA06C0560D4E9DD
:1035F0001301416060680138032807D82046FDF7B1
:10360000F1FD606D0560D4E916014160E563C4E930
:103610001555E565C4E90B55C4E90D5584F82450EA
:1036200084F825502846B0BD01252846B0BD0000CD
:10363000B0B5D0E910C4DCF800100268136804F0DB
:103640001F0E13F0040F1EBF042404FA0EF414EA34
:1036500001051CD19C0729D5022404FA0EF414EAB2
:10366000010523D0116811F0200F06D1116821F057
:103670000A011160012180F82510CCF804400021D6
:1036800080F82410C16A69B3BDE8B04008471168EA
:1036900011F0200F02BF116821F004011160CCF875
:1036A0000440016BF1B1BDE8B04008471B0719D5D4
:1036B000082303FA0EF3194008BFB0BD116821F0CA
:1036C0000E011160012101FA0EF2CCF80420C16351
:1036D000002280F8242080F82510416B11B1BDE84C
:1036E000B0400847B0BD0000F0B581B00446002CE2
:1036F00059D0022084F8250020680021C4F202017C
:1037000001F5816201F5806190423CBF0021C4F265
:1037100002014FF6F832CBF6FD7238BF02F5806237
:1037200002444CF6CD43CCF6CC43A2FB03234FF628
:10373000FC72C3F6FF7202EA9302C4E91012016838
:1037400047F6F07221EA020CD4E90223D4E9041E00
:1037500004F11807E0CF42EA0C021A43114341EA90
:103760000E0129433143394301602046FDF70EFD28
:10377000A068B0F5804F04BF002060606068A16C55
:1037800000F07F020A60D4E913124A60013803286E
:103790000CD82046FDF726FD606D00210160D4E9BC
:1037A0001601416006E0012001B0F0BD0020C4E92F
:1037B0001500E0650020E06384F82400012184F80E
:1037C000251001B0F0BD000010B5044694F82400A7
:1037D000012820D0012084F8240094F82500012835
:1037E00016D1022084F825000020E063D4F800C040
:1037F000DCF8000020F00100CCF800002046FDF7C6
:1038000005FD2068226B016842B141F00E010BE01A
:10381000002084F824000220C0B210BD21F0040171
:103820000160016841F00A010160A16C0A6812F4AC
:10383000803F1EBF0A6842F480720A60616D0029F1
:103840001EBF0A6842F480720A60016841F00101FB
:1038500001600020C0B210BD80B541F22800C4F262
:1038600002004FF0FF31016100220261816182613B
:1038700001600260416042608160826000F0B6FEDB
:10388000002080BDB0B5044600F062FE054640F25F
:10389000D410C2F200000068611C18BF044400BFCD
:1038A00000F056FE401BA042FAD3B0BD90F85C3049
:1038B000013BDBB2012B72D810B511F0070C006888
:1038C000D0F858E00EF0010300D01BB311F0380F10
:1038D00002D01EF002041DD011F4E07F02D01EF0D1
:1038E000040417D011F4F05F02D01EF0080411D0C8
:1038F00011F4604F02D01EF010040BD011F4403FC1
:1039000002D01EF0200405D011F47C0F06D01EF06A
:10391000400403D1C46D44F00104C465002B18BFFA
:10392000BCF1000F23D111F0380F18BF1EF00203B5
:103930001DD111F4E07F18BF1EF0040317D111F45C
:10394000F05F18BF1EF0080311D111F4604F18BFCB
:103950001EF010030BD111F4403F18BF1EF02003DE
:1039600005D111F47C0F18BF1EF0400303D0C36DC6
:1039700043F00203C3650B06BDE8104042BFD0F818
:10398000DC301343C0F8DC30CB0542BFD0F8E03068
:103990001A43C0F8E02000F15402002003E000F1D7
:1039A0006002012002211368194311607047000072
:1039B000B0B5044694F85C00022815D12068D0F810
:1039C000C43013F4001F13D1D0F8C400C0F3014574
:1039D00020462B46FDF790FD0120A8402168C1F844
:1039E000CC00A0650020B0BD206E40F0080002E0D1
:1039F000206E40F4007020660120B0BD80B590F8C4
:103A00005C20013AD2B2012A13D80A68BAB101F196
:103A1000040E9EE80450D1E90431406C43EA4E7331
:103A200040F8323000EBC20041EA8C714160002066
:103A300080BD016E41F002010166012080BDD1E927
:103A400001CED1E903234969D20642EA8E7242EAE5
:103A500003421143006C40F82C10002080BD000090
:103A600090F85CC0BCF1010F10D1DDF800C09200ED
:103A700042EA011141EA430141EA0C01006850F8B1
:103A8000802F22F03F020A43002104E050F8601F1B
:103A900041F00402012102600846704770470000AF
:103AA00070470000006800F19802402908BF00F14B
:103AB0009002106800F00F007047000070B590F899
:103AC0005C50022D1ED1D0F800E040291ED1DEF856
:103AD000905015F00F0F00F08680DEF89040C4F390
:103AE000012CDEF8905015F0807F08D0DEF8805071
:103AF00015F4007F1EBF250A013505F0030C00F107
:103B000048051CE0016E41F008016FE0DEF89850B6
:103B100015F00F0F67D0DEF89840C4F3012CDEF8E3
:103B2000985015F0807F08D0DEF8805015F4807F23
:103B30001EBF250A013505F0030C00F14C05D5F830
:103B400000E00CEBCC045EF8345015F08045556075
:103B50005EF83450C5F38A4618BF25F060461660FB
:103B60005EF8345005F0005595605EF8345005F06D
:103B7000004515610EEBC40EBEF80440D461BEF8DA
:103B8000064014F00F04D460DEF8044004F48014FE
:103B90005461DEF8044004F4001494619EF8074078
:103BA00004F07F041462DEF804404FEAD4745462D7
:103BB0000ED00EF1080E002443F61025C0F60105C4
:103BC0001EF804601E55D668AE5D0134B442F7D3CA
:103BD000006800F19C02402908BF00F19402C2F87D
:103BE00000C0002070BD016E41F4807101660120AB
:103BF00070BD0000704700002DE9F04F85B004460D
:103C00002068016D426D01EA0205D0F85090D0F8AD
:103C100054A0D0F850B0D0F85480016D0491416D9B
:103C20000391016D0291416D0191416D026D01EAB7
:103C30000207790604D5402101652046FFF7DAFF27
:103C400009EA0A0605F4E055F8050BD52068D0F816
:103C5000D810D0F8E0204FF480730365114020465F
:103C600000F006FA08EA0B0806F007062DB12068F6
:103C700005652046294600F0FFF908F038052EB109
:103C8000206806652046314600F088F92DB120688D
:103C900005652046294600F0CDF9B80506D520680F
:103CA0004FF400710165204600F0E8F938060AD5A6
:103CB0002068D0F8D410D0F8DC20802303651140B0
:103CC000204600F0D7F9B80406D520684FF400511B
:103CD0000165204600F0CAF9DDE9011000EA01059E
:103CE000380406D520684FF400410165204600F0F5
:103CF000BBF9DDE90310084005F460217A0407D51B
:103D000022684FF480431365226E42F080022266DF
:103D100000F4710521B1206801652046FFF7C0FE5F
:103D200025B120680565206E28432066206E002896
:103D300004BF05B0BDE8F08F204605B0BDE8F04FE8
:103D4000FFF7ACBE2DE9F0410446002C04BF012072
:103D5000BDE8F08194F85C0028B9002084F85D008B
:103D6000204600F0BFF82068816921F010018161D0
:103D700000F0EEFB054600BF206850F8181F11F058
:103D8000080F05D000F0E4FB401B0B28F4D313E030
:103D9000016841F00101016000F0DAFB054600BF57
:103DA0002068014651F8182F12F0010F0ED100F0D3
:103DB000CFFB401B0B28F3D3206E40F001002066A0
:103DC0000120032184F85C10BDE8F0810A6842F00C
:103DD00002020A6046F20042C4F20002904204BFAE
:103DE0006368C2F80031227C0B6843F04005012A69
:103DF00008BF23F040050D60627C0B6823F480450A
:103E0000012A08BF43F480450D60A27C0B6843F48F
:103E10008055012A08BF23F480550D600B68D4F843
:103E200008C023F4407343EA0C030B600B6823F0D3
:103E3000A4030B60036923F010030361E368ABB1D3
:103E4000012B03D10B6843F004030EE00D68022B35
:103E500009D045F080050D60056945F01005056144
:103E6000032B03D10D6845F020030B60D4E905E175
:103E7000D4E907324FF07E4505EB41656FF0FF084E
:103E800008EB03232B43013A1A430023CFF6FF73B9
:103E900003EB0E452A43C261BCF5407F10D1D4E943
:103EA0000925D4E90B166FF00F0707EB061708EB8F
:103EB00001216E1E3143394303EB02421143C160BD
:103EC000E16BD0F8C0201143C0F8C0102046FDF7C8
:103ED000E1FA00202066A065012184F85C10BDE8AD
:103EE000F081000010B598B0044600201790CDE98D
:103EF0001500CDE9130002A84421FCF789FB2068D6
:103F000046F20041C4F20001884201D018B010BD51
:103F10004FF000700E904FF48050029002A801F014
:103F2000AFF9002818BFFDF7A3FA41F24C00C4F224
:103F30000200C16841F00071C160C16801F0007108
:103F400001910199016841F002010160006800F0EF
:103F5000020001900198022014904FF440701390D9
:103F60000020CDE915000920179040F20040C4F66A
:103F7000000013A900F004FA15200521002200F02A
:103F80005FFB152000F05AFB16200521002200F0EF
:103F900057FB162000F052FB18B010BDB0B582B030
:103FA00004460020019040F66450C2F200008442B2
:103FB00001D002B0B0BD20464021FFF773FD0028BC
:103FC000F7D040F25C25C2F2000540F25823C2F25D
:103FD0000003204640212A46FFF770FDE8680328C9
:103FE000E7D1286841F2F471C2F2000191F86C1136
:103FF00041F480618842DCD144F67870C2F200005E
:10400000006840F25821C2F2000101AA00230DF01D
:1040100055F901980028CCD04EF60450CEF200009D
:104020004FF080510160BFF34F8FBFF36F8F02B02D
:10403000B0BD00007047000090F85C1001290BD162
:10404000022180F85C1001688A6922F001028A610D
:104050000021016608467047016E41F004010166C7
:1040600001210846704700007047000070470000BB
:104070007047000070470000704700007047000064
:104080002DE9F04381B08846054640F2B019C2F2EE
:10409000000999F80000012801D1022661E0012001
:1040A00089F800004FF47A70FDF70AFB0646002EEF
:1040B00054D10020C9F8040042F20004C4F2020402
:1040C0002168206800F4806011F4007F06D160B19F
:1040D000206820F480602060022009E038B1206868
:1040E00020F480602060032002E0002000E0012036
:1040F00089F81C00286801280CD16868FDF790FA3F
:104100004FF47A70FDF7DCFA0646606920F004008F
:10411000606121E04FF0FF30C8F80000D5E902707F
:104120003844874206D316E00137D5E90201084436
:10413000874210D23846FDF783FA4FF47A70FDF7C4
:10414000BFFA0646606920F4FD706061002EEBD076
:10415000C8F8007000E00026FDF730FA002089F86A
:104160000000304601B0BDE8F083000042F21400C8
:10417000C4F20200016841F00041016000680121C1
:1041800081EAD070704700002DE9F0471F46904645
:104190000D46064640F2B019C2F2000999F8000037
:1041A000012802BF02242046BDE8F087012089F8DB
:1041B00000004FF47A70FDF783FA0446D4BB002068
:1041C000C9F8040042F2000AC4F2020ADAF8001048
:1041D00011F4806F06D0DAF8000020F48060CAF88D
:1041E0000000022089F81C008EB1701E012808D83A
:1041F00028464146FDF74AFA022E02D16FF4802587
:104200000CE04FF47A70FDF75BFA044610E02846A4
:1042100042463B46FDF72AFA6FF001054FF47A70EB
:10422000FDF74EFA0446DAF814002840CAF81400E4
:10423000FDF7C4F9002089F800002046BDE8F087AA
:1042400042F20800C4F20200C168B1F1FF3FC4BFEE
:104250000020704740F22311C4F26751016048F614
:10426000AB11CCF6EF510160C068C00F7047000081
:104270002DE9F04F83B000297ED041F20042C4F610
:1042800000020623904208BF0523019300F1384243
:104290004FEAB2220092002200270125029100BFBE
:1042A000A5F10108012303FA08FB1BEA010A5AD011
:1042B0004FEA980940F20041C4F201010F24A1F530
:1042C0007E7C5CF829E007F00C0304FA03F10EEAA7
:1042D00001048E4600990529019E38BF0E4606FA54
:1042E00003F39C421ED140F20041C4F201010B686D
:1042F00023EA0A030B604B6823EA0A034B6040F28F
:104300000C43C4F201031E46336823EA0A033360F8
:104310008B6823EA0A038B605CF8293023EA0E01DC
:104320004CF829100321914003680B43036007F008
:104330001C030F2606FA03F34FF6FC76C7F6FF764A
:1043400006EA58060644346A24EA03033362C36863
:104350008B43C360436823EA0B034360836823EA0B
:1043600001018160029931FA05F302F1020207F1BD
:10437000040705F1010593D103B0BDE8F08F0000FB
:104380002DE9F04F83B00E68002E00F0D58041F289
:104390000042C4F600020623904208BF05230193A1
:1043A00000F138424FEAB2220092002200254FF07D
:1043B000010900BFA9F1010A012303FA0AFC16EA68
:1043C0000C0800F0AE80D1F804E00EF00306A6F170
:1043D000010BBBF1010F13D84FF0030B0BFA02F7DF
:1043E0008368BB43CF6897403B438360CEF30013A1
:1043F00003FA0AF3476827EA0C073B43436007E0E8
:10440000032E4FF0030B03D18B68012B1ED000BF8E
:104410000BFA02F3C76827EA03038F6897403B4310
:10442000C360022E12D105F01C030F279F404FF6E8
:10443000FC76C7F6FF7606EA5A060644346A24EA92
:1044400007070C6904FA03F33B4333620BFA02F3E8
:10445000076827EA03034F6807F0030696403343D3
:10446000036017F4403F5CD041F26003C4F20203E2
:104470001F463B6843F001033B603B6803F00103C8
:1044800002932AF0030340F2004EC4F2010E73447B
:10449000029F4FF60847CFF6FF77BA4653F80A70E7
:1044A00005F00C060F24B44027EA040C009F052FEA
:1044B000019C38BF3C4604FA06F646EA0C0743F86E
:1044C0000A70DEF8083043EA08074E6816F4801FC9
:1044D00008BF23EA0807CEF8087040F20C43C4F284
:1044E00001031C46236843EA080716F4001F08BFAF
:1044F00023EA08072760DEF8043043EA080716F4C9
:10450000003F08BF23EA0807CEF80470DEF8003049
:1045100043EA080716F4803F08BF23EA0807CEF8ED
:1045200000700E6836FA09F302F1020205F1040583
:1045300009F101097FF43EAF03B0BDE8F08F000040
:1045400000F11803002A08BF00F128031960704722
:1045500044F62030C2F200000068704740F2D410E8
:10456000C2F20000006844F62031C2F200010A687D
:10457000104408607047000080B5032000F070F818
:104580000F2000F009F800281CBF012080BD00F0BA
:104590002FF8002080BD0000B0B5044640F2D410D2
:1045A000C2F200000068F0B14FF47A71B1FBF0F094
:1045B00040F24C01C2F200010968B1FBF0F001F0D9
:1045C000A5FF01250F2C0CD858B900254FF0FF305E
:1045D0002146002200F034F840F2D810C2F2000068
:1045E00004602846B0BD01252846B0BD70470000D4
:1045F00080B582B041F25800C4F20200816841F0F7
:1046000001018160816801F0010101910199016856
:1046100041F080510160006800F0805000900098E7
:104620006FF001000F21002200F00AF802B0BDE88F
:10463000804000F0F3BD000007F0ACBD07F0BEBD48
:1046400070B514460D46064607F0C8FD29462246B9
:1046500003F078FF01463046BDE8704007F0C6BD64
:1046600007F0DEBD0121C0F8D012002180F8C81289
:104670000068B0F8541041F00101A0F85410B0F8EF
:10468000541041F00201A0F85410002070470000BF
:1046900010B50446012911D001BB607A48B105F07C
:1046A00029F94EF61050CEF20000016821F0060103
:1046B0000160D4F8D80206F0F7FD10BDD4F8D80296
:1046C00006F06EFE607A002808BF10BD4EF610504E
:1046D000CEF20000016841F00601016010BD00004B
:1046E00080B501EB810C00EBCC0C01F0070E0EEB5A
:1046F0008E0E00EBCE00103011F0800F08BF0CF5CD
:10470000A87032B1038101210173190C418100208D
:1047100080BDC38000210173002080BD01EB8102B8
:1047200000EBC202526AD0F8D80206F087BC000043
:1047300001EB810200EBC202D2F86421D0F8D8026A
:1047400006F0D0BC10B5044634B1032084F89102C1
:10475000206807F0EBFC08B1012010BD204600F0F6
:104760001BFC002084F8910210BD000010B50A4621
:10477000044602F0070000EB800104EBC10303F1E3
:10478000100112F0800F08BF03F5A8710870C2F382
:10479000C010487094F89002012802BF0220C0B2F5
:1047A00010BD012084F89002206807F08FF90020E6
:1047B00084F89002C0B210BDB0B50A460446207914
:1047C00002F00F01814282BF0125E8B2B0BD02F0C4
:1047D000070000EB800104EBC10303F1100112F0AC
:1047E000800F08BF03F5A87100258D70C2F3C012B9
:1047F0004A70087094F89002012802BF0225E8B2BE
:10480000B0BD012084F89002206807F055FA84F8C2
:104810009052E8B2B0BD0000B0B503461868B0F8D9
:1048200050401B681C440D7804EBC50448F2C00CD2
:1048300012F4804F0AD1D1F818E0B4F806446FF3AF
:104840009F24A6450DD200238B6112E0D1F818E019
:10485000B4F802446FF39F24A64524D200238B6151
:104860002FE0BEEB04038B6103D052060FD5C4B911
:1048700040E030F825E043F60F730EEA030E0CF526
:10488000FE5383EA0E0320F825305206EFD430F8A9
:10489000252040F60F731A4042EA0C0220F825202A
:1048A00044B34A8907E0BEEB04038B6109D052068A
:1048B00015D4FCB10A894969A3B207F00DFCA0B276
:1048C000B0BD30F825E043F60F730EEA030E0CF589
:1048D000FE5383EA0E0320F825305206E9D530F85E
:1048E000252040F60F731A4042EA0C0220F82520DA
:1048F000002CDFD10024A0B2B0BD00002DE9F043B0
:1049000081B016460D468146D9F80000B0F8501027
:10491000D9F800200A44297802EBC1034FEAC10804
:1049200016F0400F09D1AA69B3F806346FF39F233C
:104930009A4232D20022AA6158E0AA69B3F802343E
:104940006FF39F239A4273D9D21AAA6172D072046C
:1049500009D530F8212040F60F773A404CF2800715
:104960003A4320F8212095F82410012940F0628173
:10497000D5E90461D5E9072C194469611A44EA6153
:10498000B44580F0CE804FF0000E85F824E0BCF1F5
:10499000000F40F0C9809C46C8E0D21AAA6125D019
:1049A000720409D430F8212040F60F773A404CF2D7
:1049B00080073A4320F8212095F82410012940F07F
:1049C0003981D5E904C1D5E90726194469611A443A
:1049D000EA61664580F0CA80002E0FBF9C46002227
:1049E0002A62B446002285F82420C2E06A78012AAF
:1049F00042D0002A4FD148F0020200F580631A44E9
:104A0000B0F85070D45B6FF39F24D453D45B44F45C
:104A10000044D45348F006021A44B0F85030D75A34
:104A20006FF39F27D752D75A47F40047D75232E047
:104A30000022AA616A78012A42D0002A4FD148F0A8
:104A4000020200F580631A44B0F85070D45B6FF333
:104A50009F24D453D45B44F40044D45348F006025A
:104A60001A44B0F85030D75A6FF39F27D752D75A0D
:104A700047F40047D75232E048F0020200F5806365
:104A80001A44B0F850700024D45348F006021A4477
:104A9000B0F85030D452EA78022A09D130F82120F7
:104AA00040F63F731A4048F2A0035A4020F82120F4
:104AB0004846FFF733FE700423D501B0BDE8F0830C
:104AC00048F0020200F580631A44B0F850700024E8
:104AD000D45348F006021A44B0F85030D452EA7861
:104AE000022A09D130F8212040F63F731A4048F2DB
:104AF000A0035A4020F821204846FFF70FFE70041B
:104B0000DBD52878D9F8001031F8202040F60F7353
:104B10001A404CF280031A4321F8202001B0BDE86E
:104B2000F083ACEB060EB446C5F820E06A78012AA3
:104B30003FD0002A67D148F002020244B0F850305A
:104B40001A44B2F800346FF39F23A2F8003402F540
:104B50008062BCF1000F40D0BCF13E0F43D80CF096
:104B6000010303EB5C039B029BB249E0A6EB0C0242
:104B70002A626A78012A26D0002A56D148F0060215
:104B80000244B0F850301A44B2F800346FF39F2357
:104B9000A2F8003402F58062BCF1000F20D0BCF115
:104BA0003E0F32D80CF0010303EB5C039B029BB277
:104BB00038E048F002020244B0F850301A4402F5DE
:104BC000806263461EE048F006020244B0F85030AE
:104BD0001A4402F58062634626E04FF400430FE07A
:104BE0004FF400431EE04FF0FF334FEA5C171CF018
:104BF0001F0F08BF03EB5C174FF4004367F38E23CE
:104C000017883B4313802A8910E04FF0FF334FEAA7
:104C10005C171CF01F0F08BF03EB5C174FF4004339
:104C200067F38E2317883B4313806A891FFA8CF33E
:104C300007F088FA2878D9F8001031F8202040F6DB
:104C40003F731A4048F2A003CFF6FF7310335A4067
:104C500021F8202001B0BDE8F083000001F0070139
:104C600001EB810100EBC100D0F86C01704700003E
:104C700070B50C46064604F0070000EB800106EB19
:104C8000C10505F1100114F0800F08BF05F5A871EA
:104C90000870C4F3C01048706FF3DF220A61CB7054
:104CA000022B04BF0020087196F89002012802BF71
:104CB0000220C0B270BD012086F89002306806F074
:104CC00061FD002086F89002C0B270BD80B501F091
:104CD000070C0CEB8C0100EBC1014FF0000E01F54D
:104CE000B27787E80C4081F851E181F850C101F5B5
:104CF000A871006807F030F8002080BD10B50446A8
:104D000001F0070322790120934223D801EB8102AD
:104D100004EBC20C03EB830204EBC202103211F06D
:104D2000800F08BF0CF5A8729070C1F3C0105070CE
:104D3000137094F89002012802BF0220C0B210BD87
:104D4000012084F890022068114606F0EDFF002053
:104D500084F89002C0B210BD80B501F0070C0CEBD6
:104D60008C0100EBC10101F810CF4FF0010C81F86C
:104D700024C04FF0000E01F1140787E80C400B62CD
:104D800081F801C0006806F0E7FF002080BD000048
:104D900010B50446206807F09BF910F4004F18D1B5
:104DA00041051BD4410428D481042ED4C10434D439
:104DB000010555D4010667D4810574D4C00558BFD8
:104DC00010BD2068B0F8441021F48071A0F84410A0
:104DD00010BD2046BDE8104003F0D0BB2068B0F8FD
:104DE000441021F48061A0F84410204600F01CF922
:104DF0002046002100F042F910BD2068B0F84410B0
:104E000021F48041A0F8441010BD2068B0F844108F
:104E100021F40051A0F8441010BD2068B0F84010F3
:104E200021F00401A0F84010B0F8401021F0080172
:104E3000A0F8401094F8C802012806D1002084F898
:104E4000C80220460021FFF723FC204600F0FEF8B0
:104E50002068B0F8441021F48051A0F8441010BD2F
:104E60002068B0F8401041F00801A0F84010B0F8F8
:104E7000441021F40061A0F84410B0F8401041F053
:104E80000401A0F8401009E02068B0F8441021F0B7
:104E90008001A0F8441094F8C81281B12046BDE802
:104EA000104000F039B92068B0F8441021F40071C6
:104EB000A0F844102046BDE8104000F0DBB8B0F880
:104EC000401041F00401A0F84010B0F8401041F04B
:104ED0000801A0F84010012184F8C812B0F854006D
:104EE00000F0F0008008C4F8CC0220460121BDE8A3
:104EF0001040FFF7CDBB0000B0B50546002D04BF44
:104F00000120B0BD95F8910228B9002085F89002E3
:104F1000284600F055F8032085F89102286806F02D
:104F200085FE287928B305F1200128790022012384
:104F3000002400BF01F8104C01F80F3C01F80D2CC3
:104F4000C1E900228A60283101348442F2D380B161
:104F500005F5B4710022002301F8183C01F8172C64
:104F600001F8152C41E902220A60283101339842E8
:104F7000F2D195E8070006F04DFE002028730121CC
:104F800085F89112A97A012918BFB0BD2846FFF70C
:104F900069FB0020B0BD0000006845F60041C4F286
:104FA0000001884218BF704741F25800C4F2020065
:104FB000016821F4000101601420FFF73DBB0000EF
:104FC00010B592B0044601A84421FBF721FB2068EC
:104FD00045F60041C4F20001884201D012B010BD74
:104FE00000200E904FF40050019001A800F048F905
:104FF000002818BFFCF73CFA41F25800C4F2020046
:10500000016841F400010160006800F400000090B4
:105010000098142005210022FFF712FB1420FFF74F
:105020000DFB12B010BD000010B5044660790228D7
:1050300018BFFCF71DFAD4F8D802012106F054F984
:10504000D4F8D802BDE8104006F0FCB810B504460C
:10505000607A48B14EF61050CEF20000016821F09F
:105060000601016004F046FCD4F8D802BDE8104007
:1050700006F01AB9D0F8D80206F020B910B50446E7
:1050800094F89002012802BF0220C0B210BD217323
:10509000012084F89002206807F040F8002084F88E
:1050A0009002C0B210BD0000D0F8D82200F52671E1
:1050B000104606F027B9000010B5044694F8900297
:1050C000012802BF0220C0B210BD012084F8900266
:1050D000206806F0EDFF206806F08CFD002084F8C3
:1050E0009002C0B210BD000010B5044694F89002C2
:1050F000012802BF0220C0B210BD012084F8900236
:10510000206806F093FD206806F07CFD002084F8FE
:105110009002C0B210BD000010B50446D4F8D80209
:1051200006F03EF9607A002808BF10BD4EF6105018
:10513000CEF20000016841F00601016010BD0000E0
:1051400090B347F20001C4F200010A68B0F5007F95
:105150005CD1D1F8800040F48070C1F8800002F486
:10516000C060B0F5806F55D10868012262F34A2013
:10517000086040F24C00C2F2000000683222504346
:105180004DF68362C4F21B32A0FB02026FEA92402A
:105190004A6900281CBF013012F48062F8D14869C6
:1051A00010F4806F36D02EE047F20000C4F2000009
:1051B0000168D0F8802022F48072C0F8802001F4C9
:1051C000C061B1F5806F25D10168012262F34A21E7
:1051D000016040F24C01C2F20001096832225143E1
:1051E0004DF68362C4F21B32A1FB02126FEA9241B8
:1051F000426900291CBF013112F48062F8D1406974
:1052000010F4806F06D00320C0B27047022060F314
:105210004A220A600020C0B27047000047F208002E
:10522000C4F20000016841F4804101607047000051
:1052300041F23801C4F202010A6842F480720A6045
:105240000A6822F480720A60D0E900C2D0E9023113
:1052500042EA0C021A431143026941EA024142F256
:105260000002C4F2000251601168406921F4FE415D
:1052700041EA00201060106840F060001060704744
:105280002DE9F04182B00446A078000741F288067B
:10529000C4F2020601D4002063E056F8300C10F08E
:1052A000805F0ED156F8300C40F0805046F8300C3C
:1052B00056F8300C00F08050019001984FF0010832
:1052C00001E04FF0000847F20007C4F20007386819
:1052D00040F480703860FFF73BF90546386810F4F9
:1052E000807F05D1FFF734F9401B0228F6D92EE064
:1052F000B06810F4407022D0216C88420BD0B068A6
:10530000B16841F48031B160B16821F48031B1609D
:1053100020F44070B060C00711D0FFF719F90546BE
:10532000B06810F0020F0AD141F28837FFF710F988
:10533000401BB8420BD8B06810F0020FF6D0B0682E
:10534000216C20F440700843B060002000E003208E
:10535000B8F1000F1EBF56F8301C21F0805146F8FE
:10536000301C216811F0010F31D18A0737D44A0768
:105370003DD40A0743D48A0649D44A064FD40A06C4
:1053800055D4CA055BD48A0561D44A0567D40A0599
:1053900077D4CA0400F187808A0400F196804A0419
:1053A00000F1A58009040ED53168E26B21F040516F
:1053B00011433160B2F1805F02BF56F87C1C41F4AA
:1053C000803146F87C1CC0B202B0BDE8F081326882
:1053D000636822F003021A4332608A07C7D5326835
:1053E000A36822F00C021A4332604A07C1D5326822
:1053F000E36822F030021A4332600A07BBD53268F4
:10540000236922F0C0021A4332608A06B5D5326899
:10541000636922F440621A4332604A06AFD53268AB
:10542000A36922F440521A4332600A06A9D53268B1
:10543000E36922F440421A433260CA05A3D53268B8
:10544000236A22F440321A4332608A059DD53268BD
:10545000636A22F440221A4332604A0597D53268C3
:10546000A36A22F440121A433260B3F5801F02BFD0
:1054700056F87C2C42F4801246F87C2C0A057FF505
:1054800088AF3268E36A22F440021A433260B3F50F
:10549000800F02BF56F87C2C42F4801246F87C2C18
:1054A000CA047FF579AF3268236B22F040721A4349
:1054B0003260B3F1807F02BF56F87C2C42F4801238
:1054C00046F87C2C8A047FF56AAF3268636B22F061
:1054D00040621A433260B3F1006F02BF56F87C2C71
:1054E00042F4801246F87C2C4A047FF55BAF3268A8
:1054F000A36B22F040621A433260B3F1006F02BF27
:1055000056F87C2C42F4801246F87C2C09047FF576
:105510005AAF49E72DE9F0470D460446002C00F04C
:10552000C18041F2080AC4F2020ADAF8F80F00F06A
:105530000F00A8420DD2DAF8F80F20F00F00284330
:10554000CAF8F80FDAF8F80F00F00F00A84240F0A0
:10555000A9802078C0070DD14FF00008206810F016
:10556000020F29D1B8F1800F3FD1DAF8000020F006
:10557000F00038E06168032940F08E805AF8080C8A
:1055800010F0007F00F08E8003F0F2FD4BF200413E
:10559000C0F2C44188420CD9DAF8000010F0F00FD4
:1055A00000F08F802078800703D5A068002800F0E5
:1055B00088804FF000088DE0410742BFDAF8001004
:1055C00041F4E061CAF80010000706D5DAF80000DF
:1055D000072161F30D20CAF80000DAF80000A16885
:1055E00020F0F0000843CAF80000DAF8F80F00F0E5
:1055F0000F00A8421DD9DAF8F80F20F00F00284359
:10560000CAF8F80FFEF7A4FF0646DAF8F80F00F024
:105610000F00A8420DD041F2883700BFFEF798FF77
:10562000801BB8427AD8DAF8F80F00F00F00A842D1
:10563000F4D1206810F0040F07D0DAF80010E26807
:1056400021F4E0611143CAF80010000708D5DAF828
:105650000000216920F4605040EAC100CAF800004F
:1056600000F0F6F8DAF80010C1F3031143F6001267
:10567000C0F60102515C01F01F01C84040F24C012C
:10568000C2F20001086040F2D810C2F200000068C7
:10569000BDE8F047FEF780BF5AF8080C022905D193
:1056A000800305D40120C0B2BDE8F0874005F9D5DC
:1056B00000F0CEF84BF20041C0F2C44188427FF6C0
:1056C00078AFDAF80000082161F30710CAF800008B
:1056D0004FF08008DAF80000616820F0030008430A
:1056E000CAF80000FEF734FF0646DAF800006168E9
:1056F00000F00C00B0EB810F3FF430AF41F288397D
:10570000FEF726FF801B484508D8DAF800006168DC
:1057100000F00C00B0EB810FF2D11FE70320C0B204
:10572000BDE8F08770B5FEF713FF044641F20005AF
:10573000C4F20205286840F480702860286810F4DC
:10574000806F05D1FEF704FF001B0228F6D93EE06A
:10575000686840F080406860FEF7FAFE0446012069
:10576000A860A86800F00C0004280BD041F288362D
:10577000FEF7EEFE001BB04229D8A86800F00C002E
:105780000428F5D140F24C00C2F2000042F2004180
:10579000C0F2F401016040F2D810C2F200000068CB
:1057A000FEF7FAFE00281EBF0120C0B270BD4FF404
:1057B000807028602860FEF7CBFE0446286810F051
:1057C000007F07D0FEF7C4FE001B0228F6D9032095
:1057D000C0B270BD4FF48050E8600020A8614FF067
:1057E000FF312962D5F8941041F40001C5F89410F6
:1057F000C0B270BD40F24C00C2F2000000687047B9
:1058000080B5FFF7F7FF41F20801C4F20201096811
:10581000C1F3022143F61012C0F60102515C01F0FF
:105820001F01C84080BD000080B5FFF7E3FF41F2D3
:105830000801C4F202010968C1F3C22143F6101243
:10584000C0F60102515C01F01F01C84080BD00009C
:1058500041F20C01C4F2020151F8040C00F00C02F8
:1058600042F20040C0F2F400042A08BF704751F829
:10587000042C02F00C02082A1BD051F8042C02F070
:105880000C020C2A1CBF002070470A680A68D1F875
:1058900000C00968C1F34161022303EB4101C2F377
:1058A00003120132B0FBF2F0CCF306225043B0FBFE
:1058B000F1F070472DE9F04381B00446002C3FD051
:1058C0002078C00741F20009C4F2020941F29007B2
:1058D000C4F202073FD057F8881C57F8840C01F037
:1058E0000C0108292ED0032222EA000081F00C01CD
:1058F0000843B0FA80F0400924D16668B6F5803FCD
:1059000009D0D9F80000B6F5A02F40F0208240F46D
:105910008020C9F80000D9F8000040F48030C9F8B0
:105920000000FEF715FE0546D9F8000010F4003F10
:1059300011D1FEF70DFE401B6428F5D903203AE291
:10594000012038E2D9F8000010F4003F03D060686D
:10595000002800F01B822078800718D420780007E8
:1059600071D56169786800295CD040F001007860E9
:10597000FEF7EEFD054600BF786810F0020F62D119
:10598000FEF7E6FD401B0228F6D9032013E257F884
:10599000880C00F00C0057F8841C042825D080F0F7
:1059A0000C0001F0030181F002010843B0FA80F01D
:1059B00040091AD1E168D9F80000002900F04681B9
:1059C00040F48070C9F80000FEF7C2FD054600BF34
:1059D000D9F8000010F4806F40F0AF80FEF7B8FDFA
:1059E000401B0228F4D90320E5E1D9F8000010F4A7
:1059F000806F03D0E068002800F0CA8157F88C0C53
:105A0000216920F0FE4040EA016047F88C0C40F22A
:105A1000D810C2F200000068FEF7BEFD00289DD03D
:105A20000120C8E120F001007860FEF791FD0546F5
:105A3000786810F0020F06D0FEF78AFD401B02289E
:105A4000F6D90320B7E1207840075ED557F8380C27
:105A500010F0805F0ED157F8380C40F0805047F8B6
:105A6000380C57F8380C00F08050009000984FF038
:105A7000010801E04FF0000846F20006CFF6FE767E
:105A800059F8060010F4807F14D159F8060040F44C
:105A9000807049F80600FEF75BFD054659F80600E0
:105AA00010F4807F06D1FEF753FD401B0228F5D984
:105AB000032080E1A668012E06D03868052E40F04C
:105AC000288140F004003860386840F001003860F8
:105AD000FEF73EFD0546386810F0020F0CD141F28A
:105AE000883600BFFEF734FD401BB04200F24C8107
:105AF000386810F0020FF5D0B8F1000F1EBF57F84C
:105B0000380C20F0805047F8380C2078800630D5CB
:105B1000A169B868D9B140F00100B860FEF718FD7E
:105B2000054600BFB86810F0020F22D1FEF710FD45
:105B3000401B0228F6D903203DE157F88C0C21695F
:105B400020F0FE4040EA016047F88C0C06E720F0A8
:105B50000100B860FEF7FCFC054600BFB86810F015
:105B6000020F06D0FEF7F4FC401B0228F6D90320F2
:105B700021E1E669002E00F0B38057F8880C00F0B0
:105B80000C000C2803D1012E75D1012013E1D9F8A6
:105B9000000020F08070C9F80000FEF7D9FC05462F
:105BA000D9F8000000F00070022E40F09B8050B148
:105BB000FEF7CEFC401B022800F2EE80D9F8000070
:105BC00010F0007FF4D157F8840C04F120064ECE7B
:105BD0006FF00F0505EB021248F20C05C0F29F159D
:105BE00028400843104340EA0320216B0022CFF6EF
:105BF000E07202EA0151A1F50011084340EAC660D3
:105C0000616B4FF07E4202EA016101F17E4108437F
:105C100047F8840CD9F8000040F08070C9F8000003
:105C200057F8840C40F0807047F8840CFEF790FC25
:105C3000044600BFD9F8000010F0007F50D1FEF7F5
:105C400087FC001B0228F5D90320B4E020F4807003
:105C5000C9F80000FEF77CFC054600BFD9F800003B
:105C600010F4806F3FF47AAEFEF772FC401B0228FE
:105C7000F4D903209FE057F8840C216A00F0030256
:105C80008A4240F08780616A6FF00F0202EB0111D7
:105C900000F0F0028A4240F08380A16A00F4FE42E4
:105CA000B2EB012F7ED1E16A00F07842B2EBC16F16
:105CB0007CD1216B0022CFF6E07202EA0151A1F5FE
:105CC000001100F4C0028A4272D1616B4FF07E4233
:105CD00002EA016101F17E4100F0C060884269D1B1
:105CE000002068E050B100BFFEF732FC401B0228E4
:105CF00054D8D9F8000010F0007FF5D157F8840C83
:105D00004FF6FC71CFF6EE61084047F8840C002096
:105D100051E020F001003860386820F0040038605D
:105D2000FEF716FC0546002E7FF4D5AE386810F05D
:105D3000020F3FF4E1AE41F28836FEF709FC401B4A
:105D4000B04231D8386810F0020FF6D1D4E620F412
:105D50008030C9F80000D9F8000020F48020C9F88C
:105D60000000FEF7F5FB0546002E7FF4DDADD9F807
:105D7000000010F4003F3FF4EEADFEF7E9FB401BDE
:105D80006428F4D9032016E0032014E0012012E077
:105D9000012010E001200EE003200CE003200AE0C7
:105DA000012008E0012006E0032004E0012002E0D9
:105DB000012000E00120C0B201B0BDE8F083000086
:105DC000B0B50446002C04BF0120B0BD606A20B10C
:105DD0000020206104F1140005E06068B0F5827FC6
:105DE00003D004F11C00002101600020A06294F89F
:105DF0005D1021B984F85C00204600F053F80220C1
:105E000084F85D002068016821F040010160D4F849
:105E10000CE0BEF5E06F05D94FF0000CBEF5706FD9
:105E200005D002E04FF4805C01D00023A362D4E9E6
:105E30000132D4E9041503F4827302F404421A43D4
:105E400001F00201114305F001021143A26902F4BD
:105E500000731943E36903F038031943236A03F01D
:105E600080031943A36A03F40053194301600EF43D
:105E7000706141EA0C01042303EA12421143626A91
:105E8000636B02F01002114303F0080211434160FA
:105E9000C16921F40061C16100202066012184F8FC
:105EA0005D10B0BD80B586B000210591CDE903112C
:105EB000CDE90111006843F20002C4F201029042F0
:105EC00001D006B080BD41F24C00C4F2020042692C
:105ED00042F480524261426902F480520092009A78
:105EE000026842F001020260006800F001000090C8
:105EF000009802200290E0200190CDE903110520D6
:105F0000059001A94FF09040FEF73AFA06B080BD27
:105F10002DE9F04182B01D4617460E46044694F81E
:105F20005D00012815D10120002E18BF002F11D0CF
:105F30006068B0F5827F03D1A068002800F09B80E4
:105F4000FEF706FB804694F85C00012806D102208B
:105F500000E00220C0B202B0BDE8F081042084F865
:105F60005D0000202066A4F84670012184F85C10D2
:105F70002664A4F84470A063A087C4E91300E087F6
:105F80002168E0684A6842F48053B0F5E06F88BF4A
:105F900022F480534B60A268B2F5004F07D10A6823
:105FA00022F040020A600A6822F480420A600A680D
:105FB00012F0400F02BF0A6842F040020A60B4F8D3
:105FC0004610B0F5E06F21D800293ED06E1C00BF0E
:105FD0002068816811F0010F08D1FEF7B9FA86B187
:105FE000A0EB0800A8420CD352E000BF007B216C5C
:105FF0000870206C01302064B4F846000138A4F821
:106000004600B4F846000028E2D11EE0E9B16E1C5B
:106010002068816811F0010F08D1FEF799FA86B166
:10602000A0EB0800A8420CD33AE000BFC068216C86
:106030000880206C02302064B4F846000138A4F8CF
:106040004600B4F846000028E2D1204629464246E0
:1060500003F0B4F800281CBF20202066012084F83B
:106060005D00002084F85C00206E002818BF01202D
:1060700002B0BDE8F081042084F85D000095204660
:10608000314632463B4600F0FDF802B0BDE8F081F3
:10609000002084F85C00012084F85D00032059E7AB
:1060A000002084F85C00012084F85D00032051E7A3
:1060B0002DE9F04182B01D4616460F460446FEF714
:1060C00047FA804694F85D0001280AD10120002F8C
:1060D00018BF002E06D094F85C00012806D10220DB
:1060E00000E00220C0B202B0BDE8F081032084F8D5
:1060F0005D0000202066E687012184F85C10A7631C
:10610000A6872064A4F84400C4E91300A4F846005C
:10611000A068B0F5004F08D12068016821F0400167
:106120000160016841F4804101602068016811F05C
:10613000400F02BF016841F040010160711EB1FAD9
:1061400081F149096268E368B2FA82F252091143A7
:10615000B3F5E06F27D939B1A16B0988C160B81CCC
:10616000A063E08F0138E087E08F00285AD06E1CD2
:106170002068816811F0020F08D1FEF7E9F976B1C5
:10618000A0EB0800A8420AD36CE000BFA16B09880D
:10619000C160A06B0230A063E08F0138E087E08F20
:1061A0000028E5D13EE099B1E18F022908D337F804
:1061B000021BC160A763E08F4FF6FE71084406E042
:1061C00039780173A06B0130A063E08F0138E0875C
:1061D000E08F38B36E1C4FF6FE7700BF20688168F1
:1061E00011F0020F08D1FEF7B3F9C6B1A0EB080019
:1061F000A84214D33EE000BFA16BE28F022A06D36F
:1062000031F8022BC260A163E08F384406E00978C0
:106210000173A06B0130A063E08F0138E087E08F4D
:106220000028DBD120462946424602F0FFFF002825
:106230001CBF20202066A06838B90020019020688B
:10624000C1680191806801900198012084F85D0087
:10625000002084F85C00206E002818BF012002B0E6
:10626000BDE8F081002084F85C00012084F85D0026
:10627000032037E7002084F85C00012084F85D00EB
:1062800003202FE72DE9F04381B01E4615460F4647
:106290000446FEF75DF9814694F85D1001290BD1A3
:1062A0000120002F18BF002D12D08EB194F85C0091
:1062B000012811D102200BE06068B0F5827F06D181
:1062C0000220042904D1A1680029E9D000E00220BD
:1062D000C0B201B0BDE8F083012084F85C0094F8FE
:1062E0005D0004281CBF052084F85D0000202066A6
:1062F000A4F846602564A4F84460A763A687C4E9AF
:106300001300E6872068E168426822F48055B1F501
:10631000E06F2B4698BF42F48053012E88BF2B4676
:106320004360026812F0400F02BF026842F0400270
:106330000260DDF82080721EB2FA82F252096368B0
:10634000B3FA83F35B091A43B1F5E06F49D93AB167
:10635000A16B0988C160B81CA063E08F0138E08799
:10636000012608F1010500BFE08F20B9B4F846000E
:10637000002800F0B0802068816811F0020F0DD075
:10638000E18F012E0AD149B1A16B0988C160A16BCF
:106390000231A163E18F0139E1870026816811F0A4
:1063A000010F0ED0B4F8461059B1C068216C0880B6
:1063B000206C02302064B4F846000138A4F846008E
:1063C0000126FEF7C5F8002DCED0A0EB0900404510
:1063D000CAD3002084F85C00012084F85D0003200B
:1063E00076E79AB1E18F022908D337F8021BC16022
:1063F000A763E08F4FF6FE71084406E03978017319
:10640000A06B0130A063E08F0138E087012708F11D
:1064100001054FF6FE7600BFE08F18B9B4F84600CC
:10642000002858D02068816811F0020F17D0E18F42
:10643000012F14D199B1A16BE28F022A06D331F852
:10644000022BC260A163E08F304406E0097801733B
:10645000A06B0130A063E08F0138E087002720683F
:10646000816811F0010F26D0B4F8461019B3B4F8C2
:106470004610022913D3C168226C1180B4F846106B
:106480003144A4F84610216C02312164B4F846105E
:1064900001290FD8416841F4805141600AE0007B36
:1064A000216C0870206C01302064B4F8460001387B
:1064B000A4F846000127FEF74BF8002DACD0A0EB66
:1064C00009004045A8D3002084F85C00012084F82E
:1064D0005D000320FCE6204641464A4602F0A6FE47
:1064E00030B1002084F85C00202020660120EFE617
:1064F000012084F85D00002084F85C00206E0028F4
:1065000018BF012001B0BDE8F083000003F0CEB950
:1065100070470000704700007047000090F83C2072
:10652000012A02BF0221C8B27047B0B5012280F82B
:106530003C20D1E900C3D1E902E248F2FF74CEF673
:10654000F07403EA040522F47C522EF470531A43CB
:106550002A4304F5006303EA0C031A430B6904F5AC
:10656000C0552B401A434B691A4304F560531A4037
:106570000B6B04F5F0452B401A43CB691A438B692A
:106580000025CEF6FF7505EA03431343026843F284
:106590000045C4F20105AA4205D042F60045C4F206
:1065A0000105AA4216D14FF6FF75CDF60F452B40D7
:1065B000D1E9085CD1E90A4E0021CDF6F04101EAAB
:1065C0000451194325F0085319432CF00053194383
:1065D00041EA0E035364002180F83C10BDE8B0404E
:1065E000C8B2704770470000704700007047000055
:1065F00090F83C300222012B52D010B580F83D209B
:10660000012280F83C2002685368D2F808E043F287
:10661000004CC4F2010C624505D042F60044C4F2BD
:106620000104A24203D14C6823F4700323434FF6C4
:106630008F74CFF6FF5423400C682343536042F617
:10664000FF33C4F201039A420FDCB2F1804F1AD03B
:1066500040F20043C4F200039A4214D040F6000313
:10666000C4F200039A420ED012E042F60043C4F294
:1066700001039A4207D044F20003C4F201039A4294
:1066800001D0624504D189682EF0800319439160DE
:10669000002280F83C20012180F83D10BDE8104028
:1066A000D0B2704710B5044641B1082909D0042979
:1066B00014BF04F1470004F1450004E004F1440074
:1066C00001E004F14600007801281CBF012010BD44
:1066D000022041B1082909D0042914BF84F84700D9
:1066E00084F8450004E084F8440001E084F84600A2
:1066F0002068042203F0E0F92168486C40F400406F
:10670000486442F6FF30C4F2010081420FDCB1F16F
:10671000804F1ED040F20040C4F20000814218D0E9
:1067200040F60000C4F20000814212D01DE042F6A3
:106730000040C4F2010081420BD044F20000C4F2D8
:106740000100814205D043F20040C4F201008142C1
:106750000BD188680722C0F2010202400020062AFD
:1067600008D0B2F5803F08BF10BD086840F00100B6
:106770000860002010BD0000B0B50D46044620683A
:10678000002203F099F92068026A41F21111C0F267
:1067900011010A4208D1026A44F244431A4203D169
:1067A000426C22F400424264026A0A4208D1016A41
:1067B00044F24442114203D1016821F00101016019
:1067C0000120082D09D0042D0BD0002D14BF84F812
:1067D000470084F844000020B0BD84F84600002043
:1067E000B0BD84F845000020B0BD00007047000037
:1067F00010B50446002C04BF012010BD94F83D00E4
:1068000028B9002084F83C00204600F023F802203C
:1068100084F83D002068211D03F0B6F8012084F8BB
:10682000480084F83E0084F83F0084F8400084F873
:10683000410084F8420084F8430084F8440084F85E
:10684000450084F8460084F8470084F83D000020A5
:1068500010BD000080B586B000210591CDE903117F
:10686000CDE90111006840F20042C4F200029042FA
:106870001AD041F20001C4F2000188423DD042F634
:106880000041C4F2010188424CD141F25800C4F2E7
:106890000200816841F400618160806800F400605A
:1068A0000090009806B080BD41F25800C4F202008A
:1068B000026842F002020260026802F002020092E4
:1068C000009A50F80C2C42F0020240F80C2C50F8C0
:1068D0000C0C00F002000090009802200290302280
:1068E0000192CDE90311059040F20040C4F600008A
:1068F00001A9FDF745FD06B080BD41F25800C4F284
:106900000200016841F010010160006800F0100011
:1069100000900098362005210022FDF791FE3620D8
:10692000FDF78CFE06B080BD90F83D1001291CBF1C
:1069300001207047022180F83D100168C86840F0CE
:106940000100C86042F6FF30C4F2010081420FDC52
:10695000B1F1804F1ED040F20040C4F200008142ED
:1069600018D040F60000C4F20000814212D01DE0B1
:1069700042F60040C4F2010081420BD044F2000014
:10698000C4F20100814205D043F20040C4F201008C
:1069900081420BD188680722C0F201020240002028
:1069A000062A08D0B2F5803F08BF7047086840F05B
:1069B000010008600020704710B50B46044694F8AB
:1069C0003C10022001297ED084F83D00012084F88B
:1069D0003C00206881688822CFF6CE721140816029
:1069E00019686F290DDD1F22C0F21002914217DCD9
:1069F000B1F5005F26DA702940D0B1F5805F5BD039
:106A00003AE02F2918DD4F2921DC302952D04029C6
:106A100032D15968DA6803F0CFF92068402149E0A3
:106A20003F22C0F2100291421CDC2022C0F2100270
:106A300091423FD030221BE0E1B310293AD0202907
:106A400038D019E025D0B1F1101F33D014E050290F
:106A50002AD0602910D15968DA6803F029FA206831
:106A6000602127E04022C0F21002914222D0702221
:106A7000C0F2100291421DD001201EE0D3E9012195
:106A8000DB6803F029F82068816841F077018160B4
:106A900012E0D3E90121DB6803F01EF82068816869
:106AA00041F48041816007E05968DA6803F084F9B5
:106AB0002068502103F01AF80020002184F83C10CF
:106AC000012184F83D10C0B210BD000070470000E5
:106AD000B0B50D46044694F83C00012802BF0220E0
:106AE000C0B2B0BD012084F83C004FEAB2010329D6
:106AF00037D8DFE801F0020C1624D5E90012EB6864
:106B0000206803F07FF9206850F8181F12E0D5E9DB
:106B10000012EB68206803F0EDF9206850F8181FA8
:106B200016E0D5E90012EB68206803F013FA20683C
:106B300050F81C1F21F00C010160A9680DE0D5E997
:106B40000012EB68206803F031FA206850F81C1F2F
:106B500021F440610160A9680902026811430160E3
:106B60000020002184F83C10C0B2B0BD10B504462E
:106B7000002C04BF012010BD94F83D0028B900206E
:106B800084F83C00204600F023F8022084F83D0001
:106B90002068211D02F0F8FE012084F8480084F8E6
:106BA0003E0084F83F0084F8400084F8410084F8F7
:106BB000420084F8430084F8440084F8450084F8D7
:106BC000460084F8470084F83D00002010BD000016
:106BD00070470000F0B581B004462068C7680669B8
:106BE00007EA0605A90714D56FF00201016101212A
:106BF0002177806910F0030F03D02046FFF766FF6E
:106C000005E0204600F008F9204600F09BF900203E
:106C10002077680715D520686FF004010161022113
:106C20002177806910F4407F03D02046FFF74EFFA4
:106C300005E0204600F0F0F8204600F083F900203F
:106C40002077280715D520686FF00801016104211D
:106C50002177C06910F0030F03D02046FFF736FFFD
:106C600005E0204600F0D8F8204600F06BF900203F
:106C70002077E80615D520686FF010010161082122
:106C80002177C06910F4407F03D02046FFF71EFF34
:106C900005E0204600F0C0F8204600F053F900203F
:106CA0002077E80706D020686FF0010101612046D7
:106CB0000AF034FF17F0800718BF16F4025006D010
:106CC00020686FF4025101612046FFF723FC002F7A
:106CD00018BF16F480703AD1680606D520686FF0A8
:106CE00040010161204600F01DFAA80606D5206883
:106CF0006FF0200101612046FFF70EFCE80206D587
:106D000020686FF4801101612046FFF76DFCA80236
:106D100006D520686FF4001101612046FFF762FC80
:106D2000680206D520686FF4800101612046FFF7F4
:106D30005DFC28025CBF01B0F0BD20686FF400016B
:106D40000161204601B0BDE8F040FFF74FBD20686B
:106D50006FF4807101612046FFF7DAFB6806BDD44D
:106D6000C3E700002DE9F04186B000260596CDE985
:106D70000366CDE90166006842F60041C4F20101F4
:106D8000884202D006B0BDE8F08141F24C00C4F266
:106D90000200016841F002010160016801F0020196
:106DA00000910099016841F001010160006800F064
:106DB000010000900098022702974FF4C040019014
:106DC000CDE903664FF00608CDF8148040F2004488
:106DD000C4F6000401AD20462946FDF7D1FA02971A
:106DE0004FF400400190CDE9036604200590204651
:106DF0002946FDF7C5FA02974FF4E0600190CDE90E
:106E00000366CDF814804FF090402946FDF7B8FA9C
:106E100006B0BDE8F081000070470000B0B50D4637
:106E2000044694F83C00012802BF0220C0B2B0BD65
:106E3000012084F83C004FEAB201052948D8DFE878
:106E400001F0030B131B23332068294602F05AFE7E
:106E5000206850F8181F1EE02068294602F08EFEB8
:106E6000206850F8181F26E02068294602F0C4FE6A
:106E7000206850F81C1F0EE02068294602F0FAFE38
:106E8000206850F81C1F16E02068294602F030FFE9
:106E9000206850F8501F41F008010160016821F09E
:106EA0000401016029690FE02068294602F052FFC1
:106EB000206850F8501F41F400610160016821F41E
:106EC00080610160296909020268114301600020A4
:106ED000002184F83C10C0B2B0BD000010B50446DB
:106EE000002C04BF012010BD94F83D0028B90020FB
:106EF00084F83C00204600F023F8022084F83D008E
:106F00002068211D02F040FD012084F8480084F82B
:106F10003E0084F83F0084F8400084F8410084F883
:106F2000420084F8430084F8440084F8450084F863
:106F3000460084F8470084F83D00002010BD0000A2
:106F40007047000070470000B0B5044659B1081FF3
:106F50004FEAB000032809D8DFE800F0020B0E1159
:106F600004F13F000DE004F13E000AE004F14300AB
:106F700007E004F1400004E004F1410001E004F105
:106F80004200007801281CBF0120B0BD61B1081F7C
:106F90004FEAB00003280BD8DFE800F0020E12160B
:106FA000022084F83F0012E0022084F83E000EE048
:106FB000022084F843000AE0022084F8400006E042
:106FC000022084F8410002E0022084F84200206898
:106FD0000125012202F060FD2168A1F18040A0F5A9
:106FE00096304FEAB020072808D805FA00F010F0D4
:106FF000E50F1EBF486C40F40040486442F6FF3085
:10700000C4F2010081420FDCB1F1804F1ED040F28A
:107010000040C4F20000814218D040F60000C4F2E3
:107020000000814212D01DE042F60040C4F201008F
:1070300081420BD044F20000C4F20100814205D02D
:1070400043F20040C4F2010081420BD1886807225C
:10705000C0F2010202400020062A08D0B2F5803FAB
:1070600008BFB0BD086840F0010008600020B0BD56
:10707000B0B50D4604462068002202F00DFD2068E0
:10708000A0F18041A1F596314FEAB12241F21111F0
:10709000C0F21101072A11D8012303FA02F212F0FB
:1070A000E50F0BD0026A0A4208D1026A44F2444357
:1070B0001A4203D1426C22F400424264026A0A423C
:1070C00008D1016A44F24442114203D1016821F01F
:1070D000010101604FEAB500042809D8DFE800F09B
:1070E000030D12171C00012084F83E000020B0BDE3
:1070F000012084F843000020B0BD012084F83F0047
:107100000020B0BD012084F840000020B0BD012067
:1071100084F841000020B0BD012084F84200002026
:10712000B0BD00007047000010B5044694F884001C
:10713000012802BF0220C0B210BD2420C4F888007C
:10714000012084F8840020680168026822F00102AE
:1071500002604FF00052626641F00051016020462B
:1071600002F056FF002084F884002021C4F8881023
:10717000C0B210BD10B50446D4F88C0020281CBF46
:10718000022010BD0120002918BF002A1CD00120B8
:10719000E06600202067204603F09EFA002818BF12
:1071A00010BDE16E01291CBF012010BD2168102215
:1071B0000A6200BF216851E8001F226841F01001F7
:1071C00042E80013002BF5D110BD0000B0B582B02D
:1071D0000022019241F2EC14C2F20004226800681D
:1071E000904201D002B0B0BD40F29025C2F200053D
:1071F00005292ED141F2F470C2F2000090F86C0122
:107200002978814225D128460421F9F7F9FE297908
:1072100088421ED1E87840F24601C2F2000188702F
:10722000B5F80100088044F67870C2F200000068EA
:1072300001AA00230AF042F8019850B14EF604501A
:10724000CEF200004FF080510160BFF34F8FBFF3CB
:107250006F8F00202881C5E90000204629460A22B8
:10726000FFF788FFD4F880000068016821F004016E
:10727000016002B0B0BD000070470000B0B5044628
:1072800094F88400012802BF0220C0B2B0BD2420BF
:10729000C4F88800012084F884002068056802682A
:1072A00022F001020260826822F060621143816074
:1072B000204602F0ADFE20680560002084F88400BE
:1072C0002021C4F88810C0B2B0BD0000B0B504469B
:1072D00094F88400012802BF0220C0B2B0BD24206F
:1072E000C4F88800012084F88400206805680268DA
:1072F00022F001020260826822F060421143816044
:10730000204602F085FE20680560002084F8840095
:107310002021C4F88810C0B2B0BD00007047000042
:1073200070470000B0B50446D4B12420C4F88800EA
:107330002068016821F001010160002505604560B9
:107340008560204600F0F0F9C4F89050C4F88850E9
:10735000C4F88C50E56684F8845025672846B0BD93
:1073600001252846B0BD000010B541F2EC14C2F270
:107370000004A04218BF10BD002180F8841040F224
:107380009021C2F200010A22FFF7F4FED4F8800037
:107390000068016821F00401016010BDB0B5044629
:1073A0002368D9691D68D3F808C040F60F00014270
:1073B00000F0958040F22010C0F2004028400122E9
:1073C000C1F200020CEA020E50EA0E0000F09480B6
:1073D000C80718BF15F4807007D001201862D4F8D0
:1073E000900040F00100C4F890000CF00102880702
:1073F00008D53AB102201862D4F8900040F0040099
:10740000C4F89000480708D53AB104201862D4F8AF
:10741000900040F00200C4F8900008070CD505F079
:10742000200050EA0E0007D008201862D4F890001F
:1074300040F00800C4F8900008050BD515F08060F6
:1074400008D04FF400601862D4F8900040F020009B
:10745000C4F89000D4F89000002800F00E8188064F
:1074600009D505F020000CF08051084303D0616F6E
:1074700009B1204688472068D4F8901001F028010F
:10748000806800F04000084300F0E880204602F0E9
:1074900081FF2068806810F0400F00F0DA8000BFA4
:1074A000206850E8020F216820F0400041E8020205
:1074B000002AF5D1D4F88000002800F0CA804AF2F2
:1074C0001521C0F600018163FCF718F8002800F0D0
:1074D000D480D4F88000816BBDE8B04008478806AE
:1074E0000AD505F020000CF08052104304D0616FE3
:1074F000002940F0AA80C0E001EA0502D006E06E53
:107500003FD501283DD110201862986810F0400F37
:1075100044D1B4F85E00B4F85C10B4F85E20002AE0
:1075200000F0AB80081A81B2002900F0A68000BFED
:10753000206850E8000F226820F4907042E80003B1
:10754000002BF5D14FF6FE70CEF6FF70226852E8A0
:10755000022F0240236843E80225002DF6D12020A7
:10756000C4F88C0000206067E06600BF206850E827
:10757000000F226820F0100042E80003002BF5D134
:1075800083E0C80257D51CF4800054D04FF480101B
:1075900018622046BDE8B040FFF7C2BED4F88000B4
:1075A000006841688AB2002A5FD0B4F85C309A4221
:1075B0005BD2A4F85E10006810F0200F32D100BF3B
:1075C000206850E8000F216820F4807041E8000234
:1075D000002AF5D1206850E8020F216820F0010050
:1075E00041E80202002AF5D1206850E8020F216824
:1075F00020F0400041E80202002AF5D12020C4F822
:107600008C000020E06600BF206850E8000F216871
:1076100020F0100041E80002002AF5D1D4F88000E3
:10762000FBF734FF02202067B4F85C00B4F85E106A
:10763000401A81B22BE0080620D505F080000CF43A
:10764000000318431AD0A16FB9B12046BDE8B0407D
:1076500008472046BDE8B040FFF786BE2046FFF74A
:1076600083FE0020C4F89000B0BDB4F85C109142D5
:1076700003D1006810F0200F07D1B0BD50060BD524
:107680002046BDE8B04002F0B3BE0220206720468D
:10769000BDE8B040FFF79ABD080207D515F080405D
:1076A00004D02046BDE8B040FFF738BEC801E4D59D
:1076B000B5F1FF3FC8BFB0BD2046BDE8B040FFF701
:1076C000DBBD000010B50446D4B1D4F8880028B959
:1076D000002084F88400204600F04CF82420C4F8F0
:1076E00088002068016821F001010160A06A10B1E2
:1076F000204602F0B9FC204602F0A4FE012801D188
:10770000012010BD2068416821F4904141608168EA
:1077100021F02A018160016841F0010101602046E9
:10772000BDE8104002F014BD10B50446206844F6D0
:107730000001C4F20001884218BF10BD41F2580098
:10774000C4F20200016821F48021016040F60000CB
:10775000C4F600004FF44061FCF78AFDD4F88000C5
:10776000FBF70AFFE06FFBF707FF2720BDE810409B
:10777000FCF762BF2DE9F04397B00446002516954B
:10778000CDE91455CDE9125501A84421F8F740FF81
:10779000206844F60001C4F20001884202D017B00C
:1077A000BDE8F08304950420019001A8FDF768FD71
:1077B000002818BFF9F75CFE41F24C00C4F2020049
:1077C000C16841F48021C160C16801F48021009149
:1077D0000099016841F004010160006800F00400B4
:1077E00000900098022013904FF440601290002700
:1077F000CDE914770720169040F60000C4F600008B
:1078000012A9FCF7BDFD40F6A445C2F200051C20FC
:1078100040F20809C4F202094FF080082F62C5E95E
:107820000090C5E90277C5E90487C5E906772846CF
:10783000FBF75AFF002818BFF9F71AFEC4F880506A
:1078400040F60456C2F200061020AC6209F11401A1
:107850001D22C6E9001206F1080181E88101C6E98E
:107860000577C6E907773046FBF73EFF002818BFCB
:10787000F9F7FEFDE667B462272005210022FCF738
:10788000DFFE2720FCF7DAFE17B0BDE8F08300002A
:10789000704700007047000010B513460446D4F846
:1078A000880020281EBF0220C0B210BD002918BFCA
:1078B000002B02D10120C0B210BDA4F85630002226
:1078C000C4F89020A4F8543021652120C4F8880021
:1078D000E06FF0B14AF28D3CC0F6000C4AF249313B
:1078E000C0F600014AF21D2EC0F6000EC162C0F8BB
:1078F00030C0C0F834E082632268216D2832FBF783
:1079000063FF30B11020C4F890002020C4F8880034
:10791000D0E7206840210162206850E8020F21680A
:1079200040F0800041E80202002AF5D10020C0B2F8
:1079300010BD00007047000070470000FEE7000027
:1079400010B5002A08BF10BD01314FF0000C4FF0F8
:10795000300E372381F800C003EB1074B0F1204FD4
:1079600038BF4EEA107401F8014C013A01F10201EE
:107970004FEA0010EED110BD81684FF6C072C7F615
:10798000FF72114041F002018160704781684FF63B
:10799000C072C5F6FF7211408160704781684FF672
:1079A000C072C7F6FF72114041F00101816070475B
:1079B00081684FF6C072C6F6FF72114041F08051E7
:1079C0008160704740F20830C5F20000006800F0A6
:1079D000E070704740F20830C5F20000006800F027
:1079E000E070704740F20830C5F20000006800F413
:1079F0006040704740F20830C5F20000006800F0B7
:107A00001F00704740F20830C5F20000006800F027
:107A10001F00704700EB8100006E00F0F8407047D7
:107A200000EB8100006E00F0F8407047C06800F085
:107A3000007070478068C0F3C00070478068C0F372
:107A4000C0007047C06C00F4C070B0FA80F040090C
:107A50007047000081684FF6C072C7F6FF72114090
:107A600041F008018160704781684FF6C072C7F627
:107A7000FF72114041F02001816070478068C00FA3
:107A8000704700008068C0F3407070478068C0F3A2
:107A900040007047806800F001007047806800F087
:107AA000010070478068C0F3007070478068C0F3C1
:107AB000800070478068C0F3800070478068C0F322
:107AC00080007047C06800F44060B0FA80F0400960
:107AD0007047000001F01F0C1F2303FA0CF3C1F3E1
:107AE000012100EB8100016B9943C2F3846202FA29
:107AF0000CF211430163704781684FF6C072C7F6FC
:107B0000FF72114041F004018160704781684FF6B7
:107B1000C072C7F6FF72114041F0100181607047DA
:107B200081684FF6C072C7F6FF72114041F0100134
:107B300081607047C1F3045C072303FA0CF3C1F3BF
:107B4000406100EB81004169994302FA0CF2114354
:107B500041617047C1F3045C072303FA0CF3C1F3DE
:107B6000406100EB81004169994302FA0CF2114334
:107B70004161704780B5CB434FF6FF7CC0F2070CE4
:107B800063EA0C0ED0F8B03003EA0E0302F01802DC
:107B90002CFA02F211406FF3DF411943C0F8B01024
:107BA00080BD000080B5CB434FF6FF7CC0F2070CD0
:107BB00063EA0C0ED0F8B03003EA0E0302F01802AC
:107BC0002CFA02F211406FF3DF411943C0F8B010F4
:107BD00080BD000040F20831C5F200010A6822F4BD
:107BE0007C1210430860704740F20831C5F2000172
:107BF0000A6822F0E07210430860704740F20831D2
:107C0000C5F200010A6822F0E07210430860704774
:107C100002F0F8421A4300EB8100016E4FF20003BC
:107C2000C0F2FF331940114341F000410166704733
:107C300002F0F8421A4300EB8100016E4FF200039C
:107C4000C0F2FF331940114341F000410166704713
:107C500000EB8100016E21F0007111430166704755
:107C600000EB8100016E21F0007111430166704745
:107C700000EB8100016E21F08071114301667047B5
:107C800000EB8100016E21F08071114301667047A5
:107C900000EB8100016E21F0004101667047000099
:107CA00000EB8100016E21F0004101667047000089
:107CB000426922F00042114341617047426922F05B
:107CC000004211434161704782684FF6C073C3F6AA
:107CD000FF731A4001F08041114341F0004181607F
:107CE00070470000806890ED061A90ED072A90ED2D
:107CF000083A90ED094A90ED0A5A90ED0B6A90ED22
:107D00000C7AD0ED0D0A22EE202A01EE002A90ED29
:107D10000F1AD0ED100A03EE072A05EE602A80ED57
:107D20000E0AD0E90D1206EE412A82EE040AC0E9DD
:107D30000C1280ED110AD0E91012C0E90F1200EE0A
:107D4000102A7047806890ED030A704710B52DED3A
:107D5000048BB0EE408A04464821F8F759FC9FEDA9
:107D6000250A9FED259A84ED048A4BF21770C3F61D
:107D70005100E06028EE000A20EE090A0AF0AEF891
:107D80009FED1E1A9FED1E2A20EE010A20EE001A1A
:107D900020EE022A21EE091AB1EE003A22EE092A5B
:107DA00021EE091A32EE034A33EE422ABAEE003AC5
:107DB00031EE015A47F6E540C0F6000034EE014AC4
:107DC00032EE012A35EE033A47F64551C0F600017E
:107DD00084ED050A84ED061A84ED075A84ED081A2D
:107DE00084ED094A84ED0A3A84ED0B2A13C4BDECF4
:107DF000048B10BDDB0F494017B7513800401C47BA
:107E0000F4FD344070B59AB000241994CDE91744BC
:107E100008A83C21F8F7FCFB40F6CC30C2F2000089
:107E20004FF0A0414FF44032042380E81600C0E92F
:107E30000344C0E9054384830125056280F824409A
:107E4000C0E90B4480F83840C46380F84040CDE975
:107E50000644CDE90444CDE90244CDE90044FBF7F2
:107E60007DF9002818BFF9F703FBCDE917541994E1
:107E700040F6CC30C2F2000017A9FAF723FE002822
:107E800018BFF9F7F5FA092009900820C0F69040CC
:107E9000089000240A947F250B950426CDE90C64F4
:107EA00001201090ADF844408DF84640A02012907B
:107EB000802013908DF8504040F6CC30C2F2000084
:107EC00008A9FAF70BFB002818BFF9F7D1FA06202A
:107ED000019044F20000C3F6C020009002A870C0D8
:107EE000059440F6CC30C2F200006946FAF754FE21
:107EF000002818BFF9F7BCFA1AB070BD70B590B081
:107F000001A83C21F8F784FB40F63840C2F200009B
:107F10004FF4403140F20012C5F200020024042563
:107F2000C0E90021C0E90244C0E9044485618483BA
:107F30000126066280F8244080F83840C46380F847
:107F40004040FBF70BF9002818BFF9F791FA092018
:107F500002900020C4F25270019003947F20CDE97A
:107F6000040506940996ADF828408DF82A408DF84E
:107F7000344040F63840C2F2000001A9FAF7AEFAE8
:107F8000002818BFF9F774FA10B070BD80B582B040
:107F900041F24800C4F20200016841F004010160AE
:107FA000016801F0040101910199016841F00101AA
:107FB0000160006800F00100009000980B2005218E
:107FC0000022FCF73DFB0B20FCF738FB0C200521C1
:107FD0000022FCF735FB0C2002B0BDE88040FCF726
:107FE0002DBB000080B540F66450C2F200000021B5
:107FF00046F20042C4F20002C0E90021C0E90211C9
:108000000122028281744FF00A0C0823C0E905C2E4
:10801000C0E90733C0E90922C0E90B22C0E90D21FC
:10802000C163FBF78FFE002814BFBDE8804080BD10
:10803000F9F71EBA80B549F24560C0F6000043F674
:108040003C12C0F60102002106F074FA40F244210D
:10805000C2F20001086049F25960C0F6000043F620
:108060006012C0F60102002106F064FA40F24C21D1
:10807000C2F20001086049F24540C0F6000043F634
:108080001812C0F60102002106F054FA40F2402115
:10809000C2F20001086049F2FD60C0F6000043F63C
:1080A0008412C0F60102002106F044FA40F28C214D
:1080B000C2F20001086080BD2DE9F04387B00027BF
:1080C000069741F24C00C4F20200016841F0010140
:1080D0000160016801F0010101910199016841F01D
:1080E00004010160016801F0040101910199016836
:1080F00041F002010160006800F002000190019867
:1081000040F20049C4F6000909F5806510262846AA
:1081100010210022FCF714FA4FF0C0080124484651
:10812000C0210122FCF70CFACDE90264CDE9047705
:1081300002AE28463146FCF723F9CDE90284CDE9A9
:10814000047748463146FCF71BF907B0BDE8F083D9
:1081500070B541F2A400C2F200004FF4827C43F2F9
:108160000002C4F2010200234FF4E0614FF0020E5E
:1081700001244FF400751826C0E9002CC0E9023133
:10818000C0E904E4C0E906560721C0E90833C0E9A4
:108190000A31C0E90C33FDF713FE002814BFBDE817
:1081A000704070BDF9F764B910B59CB00024CDE9FA
:1081B0001A44CDE91844CDE91644CDE91444CDE97B
:1081C0001244CDE91044CDE90E4401A83421F8F75A
:1081D0001FFA41F20810C2F200004FF0010C42F603
:1081E0000042C4F20102202340F64C01C0E9002CF9
:1081F000C0E90231C0E904448461FEF7F9FA0028BD
:1082000018BFF9F735F94FF48050189041F2081073
:10821000C2F2000018A9FEF7CFFB002818BFF9F73B
:1082200027F941F20810C2F20000FEF757FE0028BD
:1082300018BFF9F71DF94FF4E000169020201590B3
:108240000024179441F20810C2F2000015A9FEF7AD
:10825000CFF9002818BFF9F70BF9CDE91344CDE9A0
:108260001144CDE90F4460200E9041F20810C2F293
:1082700000000EA90022FEF7D1FD002818BFF9F773
:10828000F7F841F20810C2F200000EA90422FEF72E
:10829000C5FD002818BFF9F7EBF841F20810C2F24B
:1082A00000000EA90822FEF7B9FD002818BFF9F753
:1082B000DFF805200F9041F20810C2F200000EA96D
:1082C0000C22FEF7ABFD002818BFF9F7D1F800200B
:1082D0000590CDE90300CDE901004FF40051CDE94F
:1082E0000610CDE908004FF00071CDE90A10CDE984
:1082F0000C0041F20810C2F2000001A9FEF70EF9CD
:10830000002818BFF9F7B4F841F20810C2F20000D3
:10831000FEF728FD1CB010BD10B58CB000210B91EC
:10832000CDE90911CDE90711CDE9051141F254104C
:10833000C2F200004FF6FF72816140F20043C4F2C6
:108340000003C0E90031C0E902120161CDE9031167
:10835000CDE90111FEF74CFA002818BFF9F788F8AB
:108360004FF48050089041F25410C2F2000008A966
:10837000FEF722FB002818BFF9F77AF841F25410F3
:10838000C2F20000FEF7F2FB002818BFF9F770F800
:1083900000240794059441F25410C2F2000005A98C
:1083A000FEF726F9002818BFF9F762F80120CDE999
:1083B0000140CDE9034441F25410C2F2000001A98A
:1083C0000022FEF785FB002818BFF9F751F841F2AB
:1083D0005410C2F2000001A90422FEF779FB002824
:1083E00018BFF9F745F80CB010BD000010B584B007
:1083F00041F2A010C2F200000024C721846141F2C2
:108400000002C4F20002A92380E81C00C1600394AA
:10841000CDE90144FEF7ECF9002818BFF9F728F878
:108420000394019441F2A010C2F2000001A9FEF7EA
:10843000DFF8002818BFF9F71BF804B010BD0000E2
:1084400080B541F2EC10C2F200004FF4E13144F685
:108450000002C4F2000200234FF00C0CC0E9083304
:108460008362C0E90021C0E90233C0E9043CC0E9ED
:108470000633FFF727F9002818BFF8F7F9FF41F294
:10848000EC10C2F200004FF02041FEF71FFF002861
:1084900018BFF8F7EDFF41F2EC10C2F200004FF008
:1084A0002061FEF7EBFE002818BFF8F7E1FF41F26C
:1084B000EC10C2F20000FEF737FE002814BFBDE842
:1084C000804080BDF8F7D4BF80B540F6FC00C2F212
:1084D000000040F22401C2F20001002202F084FDFB
:1084E000002818BFF8F7C4FF40F6FC00C2F20000F5
:1084F00040F25001C2F2000102F07AFF002818BFDA
:10850000F8F7B6FF40F6FC00C2F2000040F274112A
:10851000C2F2000102F00AFB002818BFF8F7A8FF1A
:1085200040F6FC00C2F2000003F010F8002814BF6F
:10853000BDE8804080BDF8F79BBF0000FEE700006B
:10854000FEE7000000F0070000F1040CC31EBCF1C0
:10855000070F38BF002380F00700042828BF04203D
:108560004FF0010C0CFA00F00138084098400CFA6A
:1085700003F1013911400843704700002DE9F04F25
:1085800081B004462068014631F9442FB2F1FF3F23
:1085900000F3968104F52672009240F60F7A00BF30
:1085A000098801F00F09B9F1070F00F28981B9F1CB
:1085B000000F25D030F829604FEA490816F4004F23
:1085C00000F0E78030F8181001EA0A0141F080015C
:1085D00020F8181009EB890104EBC10B0BF5A87703
:1085E0009BF85C1100296AD09BF85311022975D1C0
:1085F000204639463246FCF70FF90546BBE000BF7E
:108600000288C90629D402EA0A0141F40041018026
:10861000B0F8500021680844217C00EBC100B0F89C
:1086200002046FF39F20E062616A084460622046A2
:108630000021FCF773F8207B002800F03A81A06A43
:10864000002840F036812068217B41F08001C9B2CA
:10865000A0F84C10002020732BE111055BD411040D
:1086600040F12781018801EA0A0141F0800101807F
:10867000B0F850102268114494F8502101EBC20167
:10868000B1F806346FF39F23C4F86C31002B00F06F
:10869000F280D4F86411002900F00B81B4F856215F
:1086A0009BB203F019FDD4F86401D4F86C110844AE
:1086B000C4F8640120460021FCF73AF8F9E0B0F86C
:1086C000501001443A7801EBC201B1F806546FF33F
:1086D0009F25002D4ED0BBF8562145E0397830F863
:1086E000212002EA0A0248F2900330331A4320F8AC
:1086F000212030F8212000EBC101B0F8503019449E
:1087000012F4804F29D1B1F806546FF39F258DB331
:10871000BBF85A2128E0B0F850102268114494F8B0
:10872000502101EBC201B1F806146FF39F21C4F888
:108730006C11082940F0C780B4F856218BB200991B
:1087400003F0CAFC2068018801EA0A0141F08001B7
:1087500001802046FCF7A8FCABE0B1F802546FF3AF
:108760009F253DB1BBF85821DBF86411ABB203F093
:10877000B3FC00E00025DBE95A012944CBF86C1179
:1087800018B1DBF86001A84248D939782046FBF7D8
:10879000CFFF300640F18D80206830F8181001EAD4
:1087A0000A0141F4004120F8181009EB890104EB9B
:1087B000C10303F11001DA7C012A11D100229A626F
:1087C0001A7F002A71D0720639D45A7C012A5BD0F4
:1087D000002A6AD1B0F8502010440A78062337E006
:1087E000F20527D4B0F850201E4656F8285F2768B7
:1087F00017440A7807EBC207B7F802746FF39F2794
:10880000BD4233D9ED1B356032D05A6ADE6A3A4434
:108810005A62F219DA6203F09FFA4AE0DBF8640167
:108820002844CBF864012068394603F095FA3006F5
:10883000B2D43EE020463246FCF760F839E05A7C7C
:10884000012A27D08ABBB0F8502010440A780223AE
:1088500043EAC2021044B0F800246FF39F22A0F84C
:108860000024B0F8002442F400421CE000203060F4
:10887000204611461BE0018843F60F7211404BF26F
:1088800080025140018014E0B0F8502010440A7872
:10889000062304E0B0F8502010440A78022343EA8B
:1088A000C20210440022A0F8002409782046FBF7F9
:1088B00035FF2068014631F9442F002AFFF670AEDB
:1088C00001B0BDE8F08F018843F60F72114048F205
:1088D000900303F57F6251400180018840F63F72AA
:1088E000114059400180018840F60F72114041F05B
:1088F0008001018001B0BDE8F08F000010B52DEDC2
:10890000068B044624B394ED011A207831EE408A98
:1089100018B394ED020A94ED031A94ED042A94ED31
:10892000093A94ED0A4A33EE035A38EE433A28EEF8
:10893000011A94ED0C6A38EE455A606A00EE031A8B
:1089400035EE040A02EE001A36EE010AA0623DE09E
:108950009FED330ABDEC068B10BD94ED05AA94ED96
:108960000B0A1AEE100A38EE009A03F007FC0028F2
:10897000B4EECA9A18BFB0EE49AAF1EE10FAB8BF29
:10898000B0EE49AA94ED069A84ED0BAA19EE100AEE
:1089900003F0F4FB40B994ED0B0AB4EEC90AF1EE12
:1089A00010FAD8BF84ED0B9A94ED0B0A94ED021ADD
:1089B00094ED032A94ED043A94ED094A22EE000A5C
:1089C00038EE442A08EE010A03EE020A84ED0C0A8E
:1089D00084ED098A94ED078A18EE100A03F0CEFBA5
:1089E00040B994ED0C0AB4EEC80AF1EE10FAA8BF33
:1089F00084ED0C8A94ED088A18EE100A03F0BEFB91
:108A000040B994ED0C0AB4EEC80AF1EE10FAD8BFE2
:108A100084ED0C8A94ED0C0ABDEC068B10BD00BFF2
:108A200000000000002808BF70470022426001706B
:108A300080ED020AC0ED030A026100F1140181EC2D
:108A4000041AC0E90922C0E90B227047002818BFA8
:108A500080ED010A704700000000000000000000E7
:108A6000EFF30980BFF36F8F154B1A681EF0100FDC
:108A700008BF20ED108A20E9F04F10602DE90900B1
:108A80004FF0500080F31188BFF34F8FBFF36F8F0B
:108A900008F048F94FF0000080F31188BDE80900A4
:108AA00019680868B0E8F04F1EF0100F08BFB0EC6E
:108AB000108A80F30988BFF36F8F704700BF00BF33
:108AC0007C13002010B50446E07970B1207A0028AC
:108AD00018BF10BD2046F8F71DFF607A28B1204668
:108AE0000121BDE8104000F01BB810BDB0B50C4628
:108AF0000546022C09D195ED5D2ADFED070A9FEDB1
:108B0000071A32EE000AF9F769FC28462146BDE84B
:108B1000B040F9F77FB800BF00000000DB0FC9408C
:108B200070B582B00E46044600208DF807008DF81F
:108B30000600D4F8680105690DF107020021012340
:108B4000A8479DF80700AA2812D0AA208DF8070090
:108B5000D4F86801C5680DF1070200210123A84778
:108B6000D4F86801C5680DF1060210210123A84759
:108B7000D4F8680105690DF1060210210123A84708
:108B800016F0010F35D0D4F86801C56804F1F80279
:108B90004FF480710123A847D4F86801C56804F533
:108BA00086724FF488710423A847D4F86801C56819
:108BB00004F582724FF490710423A847D4F8680139
:108BC000C56804F584724FF498710423A847D4F85B
:108BD0006801C56804F1FC024FF4A0710423A847A2
:108BE000D4F86801C56804F580724FF4A8710423B5
:108BF000A847B0070AD5D4F810213AB1D4F86801D3
:108C0000C5684FF400614FF4FA53A84770071DD4AC
:108C1000300753D4F00665D4B00608D5D4F86801FF
:108C2000C56804F5BA724FF4A0610423A8479DF803
:108C3000060030438DF80600D4F86801C6680DF1CF
:108C4000060210210123B04702B070BDD4F86801BC
:108C5000C56804F180024FF404710423A847D4F8D6
:108C60006801C56804F184024FF408710423A84721
:108C7000D4F86801C56804F188024FF40C7104232C
:108C8000A847D4F86801C56804F1B4024FF4107124
:108C90000423A847D4F86801C56804F1B8024FF46A
:108CA00014710423A847D4F86801C56804F1BC0214
:108CB0004FF418710423A8473007ABD5D4F86801E6
:108CC000C56804F1C8024FF440710423A847D4F8E2
:108CD0006801C56804F194024FF444710423A84765
:108CE000F00699D5D4F86801C56804F5B6724FF45A
:108CF00080610123A847D4F86801C56804F5B872FB
:108D00004FF482610423A847B00690D586E700009F
:108D100090ED460A90ED5D2ADFED030A9FED031A00
:108D200030EE420AF9F75ABB00000000DB0FC940E1
:108D300010B50446F9F702F9D4F86801017809B9C9
:108D4000816888472046BDE8104000F027B8000041
:108D500010B58AB004461698099015980890149892
:108D600007901398069012980590109804900F9809
:108D700003900E9802900D9801900C980090204658
:108D8000F9F7F4F8002084F86C011199C4F868111F
:108D90004FF4E131C4E95C100AB010BD70B582B087
:108DA000044600268DF80760D4F8680105690DF1C6
:108DB000070200210123A8479DF80700AA2840F0D8
:108DC000DB808DF80660D4F8680106690DF10602B3
:108DD000012510210123B0479DF80600C00736D0B9
:108DE000D4F86801066904F1F8024FF48071012398
:108DF000B047D4F86801066904F586724FF48871AB
:108E00000423B047D4F86801066904F582724FF470
:108E100090710423B047D4F86801066904F58472A0
:108E20004FF498710423B047D4F86801066904F13F
:108E3000FC024FF4A0710423B047D4F8680106691E
:108E400004F580724FF4A8710423B04765729DF851
:108E5000060080070CD5D4F810214AB1D4F8680177
:108E600006694FF400614FF4FA53B0470120E072F5
:108E70009DF80600400735D5D4F86801066904F16D
:108E800080024FF404710423B047D4F868010669E6
:108E900004F184024FF408710423B047D4F8680148
:108EA000066904F188024FF40C710423B047D4F82A
:108EB0006801066904F1B4024FF410710423B0474D
:108EC000D4F86801066904F1B8024FF41471042360
:108ED000B047D4F86801066904F1BC024FF4187178
:108EE0000423B0479DF8060000071DD5D4F868019B
:108EF000066904F1C8024FF440710423B04794EDB1
:108F0000320AB1EE400A84ED330AD4F868010669EA
:108F100004F194024FF444710423B04794ED250A00
:108F2000B1EE400A84ED260A9DF80600C00616D56B
:108F3000D4F86801066904F5B6724FF48061012324
:108F4000B047D4F86801066904F5B8724FF482613D
:108F50000423B047D4F87011204600F0AFF89DF814
:108F60000600800608D5D4F86801066904F5BA72CF
:108F70004FF4A0610423B04702B070BD10B50446A1
:108F80009FED110ADFED110ADFED111A9FED111AA5
:108F9000B0EE412AF0EE412A00F04CF89FED0E0AA7
:108FA000DFED0E0A204600F023F82046002100F0F5
:108FB00017F820464FF4E13100F080F820461C21DC
:108FC000BDE81040FFF7ACBDA69B443BEE93A33831
:108FD000000096440000000000007A443333D33F81
:108FE00007298EBF002080F86C1101207047000017
:108FF00010B52DED048BB0EE608AB0EE409A0446B9
:1090000019EE100A03F0C0F828B9B1EE490A84ED50
:10901000329A84ED330A18EE100A03F0B5F828B935
:10902000B1EE480A84ED258A84ED260A0120BDECC4
:10903000048B10BD10B52DED0C8BB0EE628AB0EE36
:10904000429AB0EE61AAB0EE41BAB0EE60CAB0EE9C
:1090500040DA04461DEE100A03F096F8002808BF17
:1090600084ED20DA1CEE100A03F08EF8002808BF09
:1090700084ED21CA1BEE100A03F086F8002808BF11
:1090800084ED22BA1AEE100A03F07EF8002808BF19
:1090900084ED2DAA19EE100A03F076F8002808BF17
:1090A00084ED2E9A18EE100A03F06EF8002808BF1F
:1090B00084ED2F8A0120BDEC0C8B10BDB0B50C46A1
:1090C0004CF25031611A4DF23032C0F297029142A7
:1090D00084BF0020B0BDC0F8704141F2EC15C2F26F
:1090E00000052846FEF71EF96C602846FEF7EAFAEE
:1090F000002804BF0120B0BDF8F7BAF90120B0BDC7
:1091000010B5044694ED5D2ADFED070A9FED071ABE
:1091100032EE000AF9F762F984ED5D0A204620215B
:10912000FFF7FEFC012010BD00000000DB0FC9406E
:1091300010B50446F9F7BEF8207A002808BF10BD24
:1091400040F20040C4F6000080210022BDE810403B
:10915000FBF7F6B980B5F9F7B7F840F20040C4F66E
:10916000000080210122BDE88040FBF7E9B9000042
:1091700041F20C00C4F20200016801680268006854
:10918000C0F34160022303EB4000C1F3031101313E
:1091900042F20043C0F2F403B3FBF1F1C2F3062242
:1091A0005143B1FBF0F0704742F2E030C2F20000F0
:1091B00040F60971C0F60001F7F7C2BE70B515465A
:1091C0000E4604466068B0F5827F0BD1A068B0F50A
:1091D000004F02D0B0F5806F04D12068016821F003
:1091E00040010160204631462A4600F0AFF830B118
:1091F000206E40F0200020660320C0B270BD606881
:10920000B0F5827F0FD1A068B0F5004F02D0B0F565
:10921000806F08D120464FF4C06132462B4600F0E3
:1092200029F80028E4D10020C0B270BD70B5154601
:109230000E4604464FF4C05132462B4600F01AF851
:1092400068B9204631462A4600F080F838B92046F1
:109250004FF4C06132462B4600F00CF830B1206E5E
:1092600040F0200020660320C0B270BD0020C0B2D4
:1092700070BD00002DE9F04782B01F4690460D46B4
:10928000044600268DF80360FBF762F9381A00EBFC
:109290000807FBF75DF9824640F24C00C2F200007D
:1092A000006823214843000D7843D4F800900190D2
:1092B00020688068284245D008F10106B5F5C06FE6
:1092C00002BF99F80C008DF803009DF8030066B109
:1092D000FBF73EF9A0EB0A00B8420CD20198002837
:1092E0000FBF00270198013801902068806828424C
:1092F000E4D1002626E02068416821F0E0014160C9
:109300006168B1F5827F0AD1A168B1F5004F02D042
:10931000B1F5806F03D1016821F040010160A16ABD
:10932000B1F5005F07D1016821F4005101600168C7
:1093300041F400510160002084F85C00012084F8B1
:109340005D000326F0B202B0BDE8F087F0B581B051
:1093500015460E460446FBF7FBF8281A8719FBF75B
:10936000F7F8054640F24C00C2F200000068C0F376
:10937000CB30784300902068806810F0800F01D1D6
:1093800000203CE0013600BF5EB1FBF7E1F8401B76
:10939000B8420DD2009800280FBF0027009801386E
:1093A00000902068806810F0800FEDD1002026E04A
:1093B0002068416821F0E00141606168B1F5827F79
:1093C0000AD1A168B1F5004F02D0B1F5806F03D189
:1093D000016821F040010160A16AB1F5005F07D189
:1093E000016821F400510160016841F400510160FD
:1093F000002084F85C00012084F85D000320C0B2E6
:1094000001B0F0BD000000000000000000000000FE
:10941000074B19680868B0E8F04F80F30988BFF37C
:109420006F8F4FF0000080F31188704700BF00BFBE
:109430007C13002002F0ECBE0178407841EA002065
:10944000704700002DE9F04F81B02DED0C8B84B0FA
:1094500040F2DC5007F02AFB0027052004210022FF
:1094600007F0A8FD44F6787BC2F2000BCBF80000B1
:1094700041F2F474C2F2000403E000BF0A2005F0D8
:109480001BF8A0790028F9D0F8F770F841F2EC1831
:10949000C2F2000840F29021C2F2000140460A22C6
:1094A000FDF768FED8F880000068016821F004012B
:1094B0000160EA460AF107064AF0010903AD9FED93
:1094C0005C8A9FED5C9AB2EE04AA9FED5DBA9FEDB7
:1094D0005BCA9FED59DA05E0404651460A22FEF785
:1094E000DBF900BFDBF8000029464FF0FF3207F040
:1094F0004BFF9DF80C00411E062955D8DFE801F00E
:1095000004310815223542002046FFF711FE49E0DC
:10951000BDF90D0000EE100AB8EEC00A20EE0A0AEE
:1095200080EE090A204600213AE0BDF90D0000EE68
:10953000100AB8EEC00A20EE080A80EE090A20469A
:1095400001212DE0BDF90D0000EE100AB8EEC00AB1
:1095500030EE000A20EE0D0A80EE0C0A20460221B1
:109560001EE02046FFF7F6FD1CE0BDF90D0000EE01
:10957000100AB8EEC00A20EE080A80EE090A20465A
:1095800004210DE0BDF90D0000EE100AB8EEC00A8E
:1095900030EE000A20EE0D0A80EE090A2046032173
:1095A000FFF7A4FA9DF80C0007289BD8B770378006
:1095B00094ED570A94ED491A80EE0A0A81EE081AD2
:1095C00020EE090A21EE091ABDEEC00ABDEEC11A4D
:1095D0008DF8027094F86C018DF80000207A8DF8F7
:1095E000010010EE100AADF8030011EE100AADF8FC
:1095F00005002046FFF78CFB80EE0B0A20EE0C0ADC
:10960000BDEEC00A10EE100AADF807005046092161
:10961000F7F7F6FC8DF809009DF80F0001283FF4DC
:109620005BAF00287FF45EAF4846F7F7CFFB59E702
:1096300000007A4400FEFF46DB0F494000FF7F47F1
:10964000DB0FC94080B5002007F05AFA4FF47A705A
:1096500004F032FFFAE70000B0B52DED088B40F2C0
:10966000DC5004F029FFF8F75BF841F2A010C2F2D9
:109670000000FDF759F941F20810C2F200000C2178
:10968000FDF762FC41F2F474C2F200042046FFF7D9
:109690004FFB2046F8F72AFC40F6CC35C2F2000515
:1096A0009FED148A9FED149AB6EE00AAB3EE01BAAC
:1096B00003E000BF012004F0FFFE2868FEF7F6F982
:1096C0000028F7D12868FEF717FA2868006C00EE2A
:1096D000100AB8EE400A80EE080A20EE090A20EED1
:1096E0000A0A20EE0B0A2046F8F752FE2868FEF719
:1096F0000DFADFE700F07F453333534010B582B0F9
:1097000002F09EFAFEF7E0FE642004F0D5FEFFF7BB
:109710004BFD41F6F014C2F2000440F2A140C0F645
:1097200001004FF60161C0F60001C4E9191041F6CD
:109730005C21C2F2000120464FF4807206F0D8F995
:1097400000201821CDE9001040F2D530C0F601000C
:1097500005A14FF40072234607F014FF002002B069
:10976000BDE8104007F0CCB94C657474657253685D
:10977000656C6C5461736B004069704770B51C4632
:109780000D460646284640F8042B4FF40061F6F7D4
:109790003FFF0020307049F2BD70C0F6000049F272
:1097A000F171C0F6000149F2C572C0F60002C6E9C7
:1097B000014006F10C0026C070BD000001210170BF
:1097C000704700002DE9F0411C4690460E460746C2
:1097D000FFF7D2FF05467868811B204604F068FE3B
:1097E0000246286881194046BDE8F041F6F799BE67
:1097F0002DE9F04F83B01C46154689468346FFF796
:10980000BBFF0746DBF80400A0EB0901204604F08B
:109810004FFE39684944421802F17842D20A01F1F8
:109820007841A2EBD12ACF0A6FF3DF29BAF1000FFA
:1098300031D002951AF101052AD00299A1EB090451
:1098400000EB0906C9F5006001904FF0000800BF69
:10985000B8F1000F0CD007EB0801C2451ABF4FF456
:1098600000600090009658460022234606E000BFA4
:1098700001980090584639464A46029B07F0A0FAE4
:1098800004F50064A6F5006608F101084545DFD13E
:1098900003B0BDE8F08F0090584639464A462B4643
:1098A00007F08EFA03B0BDE8F08F0000B0B50138C4
:1098B0000024B4EB106F1EBF01242046B0BD4EF251
:1098C0001005CEF2000568604FF0FF300F2102F066
:1098D0008DFCAC60072028602046B0BD80B5FAF74B
:1098E0003DFE07F0BBFE012814BFBDE8804080BDEF
:1098F00007F048BBAFF3008010B594B000240B9480
:10990000CDE90944CDE907440594CDE90344CDE907
:1099100001440020FBF714FC222006904FF48070D5
:10992000099040200A9001200C900220CDE90D0002
:1099300004210F915522CDE91020CDE9121006A87F
:10994000FBF7B8FF70B9032002900F200190CDE91A
:109950000344059401A80421FBF7DCFD002804BFA3
:1099600014B010BDF7F784FD4EF68850CEF200001B
:10997000016841F4700101607047000041F2A010DD
:10998000C2F20000FDF726B970B544F2000EC4F231
:10999000010E036840F2FF72C4F20002904212DD31
:1099A00040F60002C4F20002904215D043F2004299
:1099B000C4F2010290420FD042F60042C4F201020A
:1099C000904209D044E0B0F1804F05D040F200420F
:1099D000C4F2000290423BD14A6823F07003134363
:1099E000A0EB0E02B2FA82F24FEA521C0EF50062B0
:1099F000821AB2FA82F252090EF58064041BB4FA9C
:109A000084F46409CD6823F440732B438D684E6958
:109A1000C5620D68856223F080033343002A08BFC6
:109A2000002C02D0096901630AE0AEF5A052904211
:109A3000F8D0AEF540629042F4D0BCF1000FF1D105
:109A4000016841F00401016001214161036070BDC2
:109A5000B0EB0E02B2FA82F24FEA521C0EF500622F
:109A6000A0EB0202B2FA82F24FEA52120EF58064C3
:109A7000A0EB0404B4FA84F44FEA5414C2D044F6C0
:109A80000005C4F20105A842BCD044F20045C4F26E
:109A90000105A842B6D0B9E701F01F01012303FA7E
:109AA00001FC036A23EA0C03036202FA01F1026A71
:109AB000114301627047000001F00F01042303FA13
:109AC00001FC036A23EA0C03036202FA01F1026A51
:109AD0001143016270470000114341EA032182688B
:109AE00022F47F42114381607047000082684FF684
:109AF0008873CFF6CF731A40114341F0070181609C
:109B00007047000070B5026A036A23F00103036224
:109B1000466883690C688D6822F0020245EA020EED
:109B20004FF68C72CFF6FE721A4042EA040CA0F196
:109B30008042A2F596324FEAB222072A15D80123B5
:109B400003FA02F212F0E50F0FD0026A22F00402CB
:109B50000262CA68D1E905342EF0080542EA050E12
:109B600026F440721A4342EA04064660C0F818C060
:109B700049684163C0F820E070BD000070B5026A1A
:109B8000036A23F010030362466883690C688D68DA
:109B900022F0200242EA051E48F6FF42CFF6FF629D
:109BA0001A4042EA042CA0F18042A2F596326FF0EE
:109BB000040303EBB223032B0DD34FEAB222022A94
:109BC00000D082B9026A22F040020262CA682EF016
:109BD000800343EA021ED1E9052326F4406444EAE7
:109BE000820242EA83064660C0F818C04968816371
:109BF000C0F820E070BD000070B5026A036A23F46B
:109C0000807303624668C3690C688D6822F4007231
:109C100042EA052E4FF68C72CFF6FE721A4042EAE7
:109C2000040CA0F18042A2F596326FF0040303EB1E
:109C3000B223032B0DD34FEAB222022A00D082B9FD
:109C4000026A22F480620262CA682EF4006343EA68
:109C5000022ED1E9052326F4405444EA021242EAD6
:109C600003164660C0F81CC04968C163C0F820E014
:109C700070BD000070B5026A036A23F4805303626A
:109C80004668C3690C688D6822F4005242EA053EBA
:109C900048F6FF42CFF6FF621A4042EA042CA0F1D8
:109CA0008042A2F596326FF0040303EBB223032B3C
:109CB0000DD34FEAB222022A00D082B9026A22F4FE
:109CC00080420262CA682EF4004343EA023ED1E9B0
:109CD000052326F4404444EA821242EA8316466091
:109CE000C0F81CC049680164C0F820E070BD0000E5
:109CF00070B5D0F820C0036A23F48033036246684D
:109D0000026D0B688C682CF4003545EA044C4FF664
:109D10008F75CFF6FE752A4042EA030EA0F180420D
:109D2000A2F596324FEAB222072A0AD8012303FA93
:109D300002F212F0E50F1EBF4A6926F4803343EAAF
:109D400002264660C0F850E049688164C0F820C02F
:109D500070BD000070B5D0F820C0036A23F48013F2
:109D600003624668026D0B688C682CF4001545EAA6
:109D7000045C48F6FF75CFF6FF652A4042EA032EE1
:109D8000A0F18042A2F596324FEAB222072A0AD801
:109D9000012303FA02F212F0E50F1EBF4A6926F40E
:109DA000802343EA82264660C0F850E04968C164D7
:109DB000C0F820C070BD000080B5D0F820C0036A94
:109DC00023F001030362A0F18043A3F596334FEA29
:109DD000B32EBEF1070F09D8012303FA0EF313F0D7
:109DE000E50F1EBF036A23F004030362836923F0B7
:109DF000F00343EA021282612CF00A02114301626D
:109E000080BD000010B5D0F820C0D0F820E02EF0C2
:109E1000010EC0F820E0A0F1804EAEF5963E4FEA6C
:109E2000BE2EBEF1070F09D8012404FA0EF414F077
:109E3000E50F1EBF046A24F004040462D0F818E0A1
:109E400042F6FF34C4F20104A0420FDCB0F1804FAF
:109E50001ED040F20044C4F20004A04218D040F6E4
:109E60000004C4F20004A04212D01EE042F60044F6
:109E7000C4F20104A0420BD044F20004C4F2010475
:109E8000A04205D043F20044C4F20104A0420CD128
:109E90002EF00304224363F30712826101F00A01EA
:109EA0002CF00A021143016210BD4EF00102F2E7EC
:109EB000D0F820C0036A23F01003036243F200438A
:109EC000C4F20103984205D042F60043C4F20103F4
:109ED000984203D1036A23F040030362836923F4A9
:109EE000704343EA023282612CF0A00242EA01117F
:109EF0000162704780B5D0F820C0D0F820E02EF085
:109F0000100EC0F820E043F2004EC4F2010E70457E
:109F100005D042F6004EC4F2010E704505D1D0F8CE
:109F200020E02EF0400EC0F820E04FEA022E4FF263
:109F3000FF022EEA020263F30F32836923F47343B4
:109F40001A438261A02202EA01112CF0A0021143FF
:109F5000016280BD80B5D0F820C0D0F820E02EF49A
:109F6000807EC0F820E043F2004EC4F2010E70453E
:109F700005D042F6004EC4F2010E704505D1D0F86E
:109F800020E02EF4806EC0F820E063F30712C3696E
:109F900023F0F3031A43C2614FF4206202EA012165
:109FA0002CF420621143016280BD000080B5D0F81E
:109FB00020C0D0F820E02EF4805EC0F820E043F20C
:109FC000004EC4F2010E704505D042F6004EC4F2B8
:109FD000010E704505D1D0F820E02EF4804EC0F877
:109FE00020E04FEA022E4FF2FF022EEA020263F354
:109FF0000F32C36923F473431A43C2614FF4204202
:10A0000002EA01312CF420421143016280BD0000BC
:10A01000416E19B380B501688A688968490F43F6B3
:10A02000282CC0F6010C1CF8013043F6202EC0F697
:10A03000010E1EF80110C900B1FBF3F1A0F86A107F
:10A04000C2F342611CF801201EF80110C900B1FBE7
:10A05000F2F1BDE88040A0F8681070470121A0F837
:10A060006A10A0F868107047816A11F0080F37D1A4
:10A07000CA0740D18A0749D44A0752D4CA065BD4DA
:10A080008A0608D502689368D0F840C023F40053CC
:10A0900043EA0C03936080B54A0614D5D0F800E07B
:10A0A000DEF804C0436C2CF480121A43CEF804206E
:10A0B000B3F5801F07D1DEF80420836C22F4C002C0
:10A0C0001A43CEF804200906BDE8804058BF704707
:10A0D00001684A68C06C22F400221043486070474F
:10A0E00002685368D0F838C023F4004343EA0C03F5
:10A0F0005360CA07BED002685368D0F82CC023F45E
:10A10000003343EA0C0353608A07B5D502685368ED
:10A11000D0F830C023F4803343EA0C0353604A077D
:10A12000ACD502685368D0F834C023F4802343EAE6
:10A130000C035360CA06A3D502689368D0F83CC0EC
:10A1400023F4805343EA0C0393608A069AD4A2E76F
:10A15000B0B582B004460020C4F89000FAF7F8F9D0
:10A1600005462068006810F0080F1AD06FF07E4096
:10A17000009020464FF4001100222B4600F0FEFA1A
:10A1800078B100BF206850E8000F216820F08000FF
:10A1900041E80002002AF5D12020C4F888000320FD
:10A1A00031E02068006810F0040F24D06FF07E408A
:10A1B000009020464FF4800100222B4600F0DEFA8A
:10A1C000C8B100BF206850E8000F216820F49070EB
:10A1D00041E80002002AF5D1206850E8020F21680A
:10A1E00020F0010041E80202002AF5D12020C4F845
:10A1F0008C00032007E02020C4F88800C4F88C00FD
:10A200000020E0662067002184F88410C0B202B00C
:10A21000B0BD0000806AFDF7A7B80000B0B5846A41
:10A22000D4F88810D4F88C5020688068212905D192
:10A2300010F0800002D0204600F0ECF82068806822
:10A24000222D05D110F0400002D0204600F0A2F8E7
:10A25000D4F8900040F01000C4F890002046BDE80B
:10A26000B040FDF781B800008446DCF80020DCF83F
:10A270002800126812F0200F30D10022A0F85E20D2
:10A28000026852E8002F036822F4807243E800213C
:10A290000029F5D1016851E8021F026821F001018F
:10A2A00042E80213002BF5D1016851E8021F026851
:10A2B00021F0400142E80213002BF5D12021C0F823
:10A2C0008C10C16E012909D1016851E8001F026894
:10A2D00021F0100142E80013002BF5D100220267A3
:10A2E000C16E012918BFFDF7D3BAA0F85E20DCF8D3
:10A2F00000104A68B0F85C1093B28B4238BFA0F8E7
:10A300005E20B0F85E20891A89B2FCF75FBF0000BA
:10A310000146886A01220267C26E012A18BFFDF752
:10A32000B9BAB0F85C205308A0F85E3009684968F3
:10A330008BB2934298BFA0F85E10B0F85E10511A2D
:10A3400089B2FCF743BF00000168806A096811F018
:10A35000200F18BFFDF7EEBA0021A0F8561000BF7D
:10A36000016851E8021F026821F0800142E80213EF
:10A37000002BF5D1016851E8001F026841F040014F
:10A3800042E80013002BF5D170470000806AFDF70A
:10A39000D3BA0000016851E8001F026821F49071EF
:10A3A00042E80013002BF5D14FF6FE7CCEF6FF7C81
:10A3B000026852E8022F02EA0C02036843E8022115
:10A3C0000029F5D1C16E01290AD100BF016851E809
:10A3D000001F026821F0100142E80013002BF5D1A4
:10A3E0002021C0F88C1000214167C1667047000031
:10A3F000016851E8001F026821F0400142E80013A3
:10A40000002BF5D1002181672021C0F88810FDF7CD
:10A4100091BA0000016851E8001F026821F0C001F4
:10A4200042E80013002BF5D1016851E8021F0268D1
:10A4300021F4000142E80213002BF5D12021C0F8DD
:10A440008810704770B504462268A068D4E90413E8
:10A4500008431843E1690843136846F6F315CCF640
:10A46000FF752B40184310605068E36820F440509B
:10A4700018435060A06948F2000CC4F2000C624519
:10A480001CBF256A284395684FF2FF43C1F2FF13B2
:10A490002B4018439060D06A636A20F00F00184385
:10A4A000D062102542F20040C0F2F40044F6FF33BF
:10A4B000C4F200039A4221DD44F60043C4F20003D3
:10A4C0009A4229D0624529D043F60003C4F2010321
:10A4D0009A4237D140F20212C0F2020202F58062C3
:10A4E00041F28803C4F202031B6883F0020303F005
:10A4F000030343EA830322FA03F525E044F2004311
:10A50000C4F200039A420BD044F60003C4F20003E5
:10A510009A4217D1042504E0062502E00A2500E04E
:10A52000022541F28803C4F202031B68EB4083F06A
:10A53000020303F0030343EA830340F20215C0F26F
:10A540000205DD40624526D005F01F02B1F5004F3F
:10A5500010D10121082A00F2B780DFE802F005627D
:10A560006DB566B5B5B56B00FBF74AF9002840F04C
:10A5700063805DE00121082A00F2A680DFE802F096
:10A58000057D88A481A4A4A48600FBF739F90028DE
:10A5900040F07E8078E005F01F020121082A00F2D9
:10A5A0009380DFE802F005911091099191910E00DE
:10A5B000FBF726F938B902E0FBF74AF918B9002190
:10A5C00082E04FF400406668616A43F6A812C0F664
:10A5D000010232F81120B0FBF2F306EB460501212F
:10A5E000AB4271D33503AB426ED800210023F5F79F
:10A5F000ADFE090241EA1061000210EB560041F184
:10A60000000132460023F5F7A1FEA0F540714FF698
:10A61000FF42C0F20F02914255D82168C860002164
:10A6200052E0FBF701F938B902E0FBF711F918B96C
:10A63000002149E04FF400406168626A43F6A813C4
:10A64000C0F6010333F81220B0FBF2F04A0802EB27
:10A650004000B0FBF1F0A0F110014FF6EF72914213
:10A6600009D84FF6F0710140C0F342000843216859
:10A67000C860002128E0012126E0FBF7D5F838B9B1
:10A6800002E0FBF7E5F818B900211DE04FF40040A7
:10A690006168626A43F6A813C0F6010333F812201A
:10A6A000B0FBF2F000EB5100B0FBF1F0A0F11001B3
:10A6B0004FF6EF72914204D8216880B2C860002141
:10A6C00002E0012100E0012100204FF00112A2660A
:10A6D000C4E91D00084670BD10B5134604460022AB
:10A6E000C4F89020A4F85C30A1652220C4F88C0046
:10A6F000D4F88000F8B14AF2113CC0F6000C4AF2DE
:10A700006921C0F600014AF21D2EC0F6000EC1629A
:10A71000C0F830C0C0F834E082632168A26D2431F3
:10A72000F9F752F838B11020C4F890002020C4F88E
:10A730008C00012010BD206950B100BF206850E896
:10A74000000F216840F4807041E80002002AF5D132
:10A75000206850E8020F216840F0010041E8020241
:10A76000002AF5D1206850E8020F216840F040002F
:10A7700041E80202002AF5D1002010BD2DE9F04386
:10A7800081B0984616460F4604462068C069384096
:10A79000C01BB0FA80F04009B04237D1DDF82090FC
:10A7A00009F1010585B1F9F7D3FE0321B9F1000FD5
:10A7B0002FD0A0EB080048452BD82068016811F085
:10A7C000040F18BF402F09D12068C0693840C01B52
:10A7D000B0FA80F04009B042E4D019E0802FF3D005
:10A7E000C16911F0080F18D1C16911F4006FEBD0E5
:10A7F0004FF4006101622046FFF7CCFD002084F891
:10A8000084002020C4F89000032102E0002100E031
:10A810000021C8B201B0BDE8F083082505622046DA
:10A82000FFF7B8FD002084F88400C4F8905001219F
:10A83000EFE7000041F2EC10C2F20000FCF7AEBD01
:10A8400010B50A4604A040F29C24C2F2000421463E
:10A8500000F098FB204610BD43444320436F6E66D2
:10A860006967000010B58E46D0F8BC1219B30EEB24
:10A870008E0300EB830353F8184F64B1D0F8C4C2C1
:10A880000EEB8E020CEBC202D2F820C0B4FBFCF23D
:10A8900002FB1C4292B10024C1F81442D0F8C0025D
:10A8A000036933B1D1F8080201F504717246984783
:10A8B0000024E0B210BD0324E0B210BD00241C60EF
:10A8C00071460022002300F075FDE0B210BD0000CB
:10A8D000B0B50446D4F8BC527DB1204600F042FC2D
:10A8E000C5F80C02D5F80402D4F8C012CA6805F500
:10A8F000037190470020C0B2B0BD0320C0B2B0BD0C
:10A90000B0B50446812100F08FFB00252587204645
:10A91000012100F089FBA4F878512046822100F043
:10A9200083FBE564D4F8BC0248B1D4F8C0024068A7
:10A930008047D4F8BC0200F01DFFC4F8BC520020D0
:10A94000B0BD00001220088040F21010C2F20000DA
:10A950007047000010B5D0F8BC428CB1D0F8C012DE
:10A9600059B194F80002FF2807D094F801228B68AF
:10A9700021469847FF2084F800020020C0B210BD95
:10A980000320C0B210BD00000A21018040F2241053
:10A99000C2F20000704700004321018040F28800AD
:10A9A000C2F20000704700004321018040F2CC0059
:10A9B000C2F20000704700004321018040F23010D5
:10A9C000C2F200007047000070B504464FF40770F3
:10A9D00000F0D2FE054685B1C4F8BC52207C90B18F
:10A9E000204681210222402300F016FC012020870E
:10A9F000204601210222402313E00020C4F8BC02BB
:10AA00000220C0B270BD2046812102224FF40073A3
:10AA100000F002FC012020872046012102224FF491
:10AA2000007300F0F9FB1020A4F84E000126A4F8F2
:10AA30007861204682210322082300F0EDFBA4F870
:10AA40004C60D4F8C002006880470020C5F81402AA
:10AA5000C5F81802D5F80422207C002820464FF0C3
:10AA600001010CBF4FF40073402300F0E1FB002014
:10AA7000C0B270BD10B50A4604A040F29C24C2F2D8
:10AA80000004214600F07EFA204610BD43444320D6
:10AA9000496E746572666163650000000420088079
:10AAA00040F28810C2F200007047000010B50A465C
:10AAB00004A040F29C24C2F20004214600F062FA95
:10AAC000204610BD53544D6963726F656C656374A5
:10AAD000726F6E696373000010B50A4604A040F2FD
:10AAE0009C24C2F20004214600F04CFA204610BD1E
:10AAF00051447269766520436F6D506F7274000027
:10AB000080B5D0F8BC1271B1D1F80422017C0029C3
:10AB10004FF001010CBF4FF40073402300F088FB9D
:10AB20000020C0B280BD0320C0B280BD00290EBF8E
:10AB30000320C0F8C0120020C0B2704780B51A20B0
:10AB40000880F7F765FC40F28C10C2F2000080BD6F
:10AB5000D0F8BC0200280EBF0320C0F80412002069
:10AB6000C0B27047D0F8BC0200280FBF0320C0F865
:10AB70001022C0F808120020C0B2704770B582B031
:10AB80000D460446D4F8BC6200208DF80700ADF8ED
:10AB90000400002E15D0287810F0600113D0202971
:10ABA00028D1EA88002A2BD0000632D4687886F8AB
:10ABB000012286F800022046314600F0BDF800264A
:10ABC00060E003265EE068780B2844D80026DFE8C2
:10ABD00000F006594242424242424242303C94F81E
:10ABE0009C0203283DD101A92046022200F0BEF8B4
:10ABF000002647E02046294600F092F8032641E06F
:10AC00006878D4F8C0128B6800262946002298473D
:10AC100038E06878D4F8C0128B6831469847EA88E3
:10AC2000072A28BF07222046314600F09FF8002659
:10AC300028E094F89C02032819D10DF10701204661
:10AC4000012200F093F800261CE094F89C020328EF
:10AC500013D1002616E02046294600F061F80326AD
:10AC600010E02046294600F05BF803260AE0204663
:10AC7000294600F055F8032604E02046294600F056
:10AC80004FF80326F0B202B070BD0000D0F8BC222D
:10AC90002AB1D2F81432012123B1C8B2704703217E
:10ACA000C8B2704780B5C2F81412D2F81032C3622D
:10ACB000D2F80822812100F07DFB0021BDE8804010
:10ACC000C8B27047D0F8B82222B180B55268904718
:10ACD000BDE880400020704790F89C22013A022A8B
:10ACE00088BF00F01DB84988012918BF704780B59A
:10ACF0000021C0F8A41200F047F8BDE8804070477A
:10AD000080B513460A46002100F092FA002080BD6B
:10AD100080B513460A46002100F04CFB002080BDA0
:10AD200010B50446802100F01DFB20460021BDE83F
:10AD3000104000F017BB000080B513460A460321FF
:10AD4000C0F89412C0E95633002100F071FA0020D7
:10AD500080BD000080B50521C0F8941200210022BA
:10AD6000002300F065FA002080BD000080B5134686
:10AD70000A460221C0F89412C0E90633002100F00F
:10AD800019FB002080BD000080B50421C0F894129A
:10AD900000210022002300F00DFB002080BD0000F8
:10ADA00010B5044600F0F2FA012084F89C02D4F8B1
:10ADB000B80240B121794268204690470020C4F88B
:10ADC000B802C4F8C0020020C4F8CC02C4F8B4022F
:10ADD0002046BDE8104000F0BBB9000080B5C9882E
:10ADE000012909D190F89C124A1E022A08D2002299
:10ADF000014641F8082F06E0BDE88040FFF790BF0C
:10AE0000032904D1011D0122FFF7B0FF80BDBDE879
:10AE10008040FFF785BF0000B0B582B00D46044604
:10AE20000020ADF8060068884FF0FF3101EB1021DB
:10AE30000E2900F27B80DFE801F008250D797932D8
:10AE40003D797979797979791A00207CD4F8B4122E
:10AE50000A6812E0C0B2052868D8DFE800F0034AAB
:10AE600050565C62D4F8B40242682AB95EE0D4F865
:10AE7000B402C269002A59D0207C0DF10601904726
:10AE8000014622E0D4F8B802217C002914BFC16A2F
:10AE9000816A0DF1060088470146022014E0207CFB
:10AEA000002843D1D4F8B802416B0DF10600884761
:10AEB00001460AE0207CC8BBD4F8B802016B0DF152
:10AEC00006008847014607204870EA8862B1BDF84D
:10AED000060058B3904238BF0246ADF8062020461F
:10AEE000FFF744FF02B0B0BD2046FFF74DFF02B0B0
:10AEF000B0BDD4F8B4028268002ABDD116E0D4F8FF
:10AF0000B402C268002AB7D110E0D4F8B4020269D2
:10AF1000002AB1D10AE0D4F8B4024269002AABD1C8
:10AF200004E0D4F8B4028269002AA5D12046FFF7D4
:10AF3000F7FE02B0B0BD0000017841B1411C002015
:10AF4000013011F8012B002AFAD1C0B2704700205D
:10AF5000C0B2704790F89C22013A022A88BFFFF7DE
:10AF6000DFBEC98802290BD1D0F8A4120322002920
:10AF700008BF0122C26000F10C010222FFF7F6BEF9
:10AF8000FFF7CEBE70B516460C460546EDB1284615
:10AF9000FFF7D2FF022101EB40003080307803211F
:10AFA000617020702978002908BF70BD681C0222DA
:10AFB000002300BFD6B2A15542F00101C9B26354CB
:10AFC000023210F8011B0029F4D170BD032884BFA0
:10AFD00003207047C00040F20031C0F2013121FA75
:10AFE00000F0C0B270470000002804BF0320704783
:10AFF0000023C0F8C032C0F8B832C0F8CC32002903
:10B0000018BFC0F8B4120270012180F89C1200F041
:10B01000ADB8000080B5D0F8C402F9F7CDFBBDE8AB
:10B020008040FFF7D3BF000080B5D0F8C402F9F725
:10B030009DFBBDE88040FFF7C9BF0000B0B50446E6
:10B0400071B194F89C02032849D1D4F8B80242693E
:10B05000002A44D020469047002808BF0020B0BDF9
:10B06000D4F89402022833D1D4E9071081420DD9D3
:10B070000B1AE361204611461A46FFF749FE2046A7
:10B0800000210022002300F0D3F821E00FD1A169B4
:10B0900081420CD3D4F89802814208D20025204680
:10B0A00000210022FFF734FEC4F89852E7E794F835
:10B0B0009C02032805D1D4F8B802C16809B1204622
:10B0C00088472046802100F04DF92046FFF742FED8
:10B0D00094F8A002012804BF002084F8A0020020F8
:10B0E000B0BD000010B5044669B194F89C02032875
:10B0F0001CD1D4F8B8028269C2B12046904700281A
:10B1000008BF002010BDD4F8940203280ED1D4E962
:10B11000570398420CD9C01AC4F85C01984238BF52
:10B120000346204611461A46FFF7EAFD002010BDEF
:10B1300094F89C02032805D1D4F8B802016909B13A
:10B14000204688472046FFF71FFE002010BD000064
:10B1500080B5D0F8C402F9F7F5FABDE88040FFF7F2
:10B1600035BF0000D0F8C402F9F778BD10B5044629
:10B1700040F6C850C2F20000C0F8D842C4F8C40279
:10B1800045F60041C4F2000101604FF40271818074
:10B190000221C17100218160F9F7AEFE002818BFBD
:10B1A000F6F766F9D4F8C402002100221823F9F753
:10B1B00097FAD4F8C402802100225823F9F790FAB4
:10B1C000D4F8C40281210022C023F9F789FAD4F807
:10B1D000C402012100224FF48873F9F781FAD4F8F0
:10B1E000C402822100224FF48073F9F779FA00201B
:10B1F00010BD0000D0F8C40201F07F0202EB820211
:10B2000000EBC20000F1120211F0800F08BF00F540
:10B21000A97210787047000080B59446D0F8C40237
:10B220001A466346F9F724FDBDE88040FFF7CEBE1D
:10B2300080B5D0F8C402F9F749FDBDE88040FFF7BA
:10B24000C5BE0000F0B581B00446012084F89C0220
:10B2500000206060C4F8A402C4F89402D4F8B802D4
:10B26000E8B1D4F8BC1221B1426812B120460021E5
:10B270009047002540262046002100224023FFF76A
:10B28000CBFF0127A4F86471C4F8606120468021D7
:10B2900000224023FFF7C0FFA784266200E00325B9
:10B2A000E8B201B0F0BD000090F89C12042904BF80
:10B2B00090F89D1280F89C1200207047D0F8B812C8
:10B2C00079B190F89C22032A08D1C96931B180B5BF
:10B2D00088470020BDE88040C0B270470020C0B25F
:10B2E00070470320C0B2704701740020704700000F
:10B2F00080B5D0F8C402F9F7C1FEBDE88040FFF781
:10B3000065BE0000B0B5044604F2AA25284600F048
:10B310005BF80120C4F89402B4F8B002C4F89802B3
:10B3200094F8AA0200F01F01022908D001290CD0CC
:10B3300089B920462946BDE8B04000F009B9204649
:10B340002946BDE8B04000F03DB920462946BDE899
:10B35000B04000F0DFB900F080012046BDE8B04009
:10B36000AFF3008080B5D0F8C402F9F7C7FCBDE8A0
:10B370008040FFF72BBE000080B5D0F8C402F9F77B
:10B380009BFEBDE88040FFF721BE000080B5D0F8ED
:10B39000C402F9F7A9FEBDE88040FFF717BE000020
:10B3A00090F89C1280F89D12042180F89C120020D5
:10B3B0007047000080B5D0F8C402F9F7CDFCBDE8B5
:10B3C0008040FFF703BE0000B0B50C46054620786C
:10B3D000287060786870A01CFEF72EF86880201D29
:10B3E000FEF72AF8A880A01DFEF726F8E880B0BD79
:10B3F00010B582B004460020ADF8060051B1C4F883
:10B40000B812C96A41B10DF106008847C4F8CC02F0
:10B41000002002E0032000E00020C0B202B010BD16
:10B42000B0B50446888840B9C88830B948887F28B4
:10B4300003D894F89C12032904D12046BDE8B040FB
:10B44000FFF76EBC00F07F0584F89E52E9B22046FB
:10B45000FFF74EFF2046FFF797FC0220002D08BFA4
:10B46000012084F89C02B0BDD0F8B822002A04BFA5
:10B470000320704712681047B0B50446488840F270
:10B480009A25C2F20005287000F0FE01022903D3BC
:10B490002046FFF745FC34E0C1B294F89C02032833
:10B4A0000DD0022826D1B1B361602046FFF7DCFF42
:10B4B0000546B5B32046FFF733FC2846B0BD19B3A7
:10B4C0006068884227D0C1B22046FFF7FBFB29788D
:10B4D00061602046FFF7C8FF0546E5B12046FFF74B
:10B4E0001FFC21792046FFF7EDFB022084F89C0227
:10B4F0002846B0BD2046FFF713FC29782046FFF709
:10B50000E1FB03252846B0BD6160022084F89C025F
:10B510002046FFF7D7FB2046FFF736FC00252846DC
:10B52000B0BD2046FFF730FC032084F89C02F5E70D
:10B530004988012918BF704780B50121C0F8A412BD
:10B54000FFF722FCBDE8804070470000FFF714BF02
:10B5500080B50A7812F0600209D0402A01D0202A72
:10B5600013D1D0F8B8229268BDE8804010474A78DD
:10B57000092A0AD8DFE802F0050D09110915210989
:10B58000191DFFF7E7FC002080BDFFF7C9FB002075
:10B5900080BDFFF7A1FB002080BDFFF7C9FF0020A1
:10B5A00080BDFFF73DFF002080BDFFF717FC0020A6
:10B5B00080BDBDE88040FFF75FBFFFF72DFC002096
:10B5C00080BD0000B0B50D460446287810F060003C
:10B5D0000BD0402801D0202819D1D4F8B8028268B5
:10B5E00020462946BDE8B04010472979687898B1CF
:10B5F00001282DD003286DD194F89C0203283AD05D
:10B60000022867D141F08000802863D02AE02046DC
:10B61000FFF786FB0020B0BD94F89C0203283AD0C7
:10B62000022857D141F08000802853D104F1140042
:10B6300011F0800F08BF04F5AA7001F07F0101EB43
:10B640008101002240F8212000EB810120465BE0CF
:10B6500094F89C02032842D002283BD141F080009C
:10B66000802837D02046FFF77DFE20468021FFF757
:10B6700079FE0020B0BD688840B941F08000802884
:10B6800004D0E88810B92046FFF76CFE2046FFF78B
:10B690007BFB0020B0BD01F00F0202EB820204EB45
:10B6A000820211F080000CBFB2F86421928C8AB142
:10B6B00004F5AA72002818BF04F1140201F07F00FB
:10B6C00000EB800002EB800541F08000802812D161
:10B6D000002016E02046FFF723FB0020B0BD68885D
:10B6E000002897D1480602D02046FFF793FC204659
:10B6F000FFF74AFB71E72046FFF77CFD002818BFE3
:10B7000001202860204629460222FFF72FFB002057
:10B71000B0BD0000B0B50D460446287810F06000BA
:10B7200018BF40281ED194F89C020138022814D872
:10B73000A88800F0FE0001280FD8D4F8B80282686B
:10B7400020462946904798B9E988002918BFB0BD1E
:10B750002046FFF719FB0020B0BD2046FFF7E0FAB6
:10B760000020B0BD2028DED02046FFF7D9FA002007
:10B77000B0BD00007047000040F29C40C2F20000E3
:10B78000704700002DE9F04102460B7802EB830E72
:10B7900032F8230047F2706620EA060591F803802C
:10B7A000B8F1030F07D80020DFE808F002070D0A00
:10B7B00045F4007506E0012005E045F4806501E0F0
:10B7C00045F4C065002048F2800C45EA0C05AEF84F
:10B7D0000050BEF8005040F60F7635401D4345EA54
:10B7E0000C05AEF800500D7B002D57D0B8F1020FBC
:10B7F00048F2800508BF05F58075BEF8006040F688
:10B800000F673E403543AEF80050B2F850500E89F5
:10B8100026F0010602F5806707EBC3046653042493
:10B8200044EAC3043C44B2F850504E8926F0010665
:10B8300066534C78BEF8005005F48045002C55D076
:10B840004DB1BEF8001040F60F7211400CF5804269
:10B850001143AEF80010BEF8001011F0400F09D0EF
:10B86000BEF8001040F60F7211400CF14002114377
:10B87000AEF80010BEF8001040F63F7211400CF117
:10B8800020024A40B8F1010F08BF41EA0C02AEF8AD
:10B890000020BEF8001043F60F72BDE04F78B2F8FA
:10B8A0005050154405F58065DE00002F4FD0C98843
:10B8B00021F00101A953BEF8001011F0400F09D08A
:10B8C000BEF8001040F60F7211400CF14002114317
:10B8D000AEF80010BEF8001040F63F721140B8F10B
:10B8E000010F00F09A800CF12002C8E04DB1BEF8C3
:10B8F000004040F60F752C400CF580452C43AEF807
:10B900000040DB00BEF8004014F0400F09D0BEF844
:10B91000004040F60F752C400CF140052C43AEF86A
:10B92000004043F00204144404F58064B2F850501F
:10B93000665B6FF39F2666530E692EB33E2E26D8A4
:10B9400006F0010707EB5606B602B6B22BE046F04A
:10B950000404CF8827F001072F5346F0060414444F
:10B9600004F58064B2F85020A55A6FF39F25A552C4
:10B970000969002957D03E2958D801F0010505EB87
:10B980005101890289B25DE04FF400460BE04FF0AF
:10B99000FF38770916F01F0F08BF08EB56174FF452
:10B9A000004667F38E262F5B3E432E5343F006037B
:10B9B000134403F58063B2F850209C5A6FF39F2420
:10B9C0009C52096941B13E2909D801F0010404EBF8
:10B9D0005101890289B20EE04FF400410BE04FF0B3
:10B9E000FF344D0911F01F0F08BF04EB51154FF440
:10B9F000004165F38E21D45A2143D152BEF8001084
:10BA000043F60F7211400CF540525140AEF8001051
:10BA1000BEF8001040F63F72114041EA0C01AEF84A
:10BA20000010BDE8F0814FF400410BE04FF0FF350E
:10BA30004E0911F01F0F08BF05EB51164FF40041DE
:10BA400066F38E21155B29431153BEF8001011F4E3
:10BA5000804F09D0BEF8001040F60F7211400CF56F
:10BA600080421143AEF80010BEF8001043F60F728A
:10BA70001140002B14BF0CF500520CF54052514000
:10BA8000AEF80010BDE8F08180B586B041F25800F4
:10BA9000C4F20200016841F480710160006800F4A2
:10BAA0008070009000984FF00050019000200090AE
:10BAB00002904BF67F3003902220049040200590A6
:10BAC0006846F9F7B5FB06B080BD00000A784B78F0
:10BAD000097B00EB820C30F8222048F2C00089B3C9
:10BAE00002F48042A3B34AB1BCF8001040F60F72D2
:10BAF000114000F57F521143ACF80010BCF8001063
:10BB000011F0400F07D0BCF8001040F60F72114042
:10BB10000143ACF80010BCF8001040F60F72114061
:10BB200000F57F521143ACF80010BCF8001040F64D
:10BB30003F721140A0F140021143ACF8001043F6EF
:10BB40000F724EE08BB3510634D440F63F7248E09A
:10BB50004AB1BCF8001040F60F72114000F57F5258
:10BB60001143ACF80010BCF8001011F0400F07D0E2
:10BB7000BCF8001040F60F7211400143ACF8001001
:10BB8000BCF8001040F60F7211400143ACF80010F1
:10BB9000BCF8001043F60F721140A0F140021143AF
:10BBA000ACF8001040F63F721BE051040DD443F690
:10BBB0000F7216E0BCF8001040F60F7211400143FE
:10BBC000ACF8001040F63F720BE0BCF8001040F6F5
:10BBD0000F72114000F57F521143ACF8001043F68C
:10BBE0000F72BCF80010114040380843ACF8000058
:10BBF00000207047B0F8581041F40041A0F85810E8
:10BC000000207047B0F858106FF3DF31A0F85810DB
:10BC1000002070470121A0F840100021A0F840103A
:10BC2000A0F84410A0F8501000207047B0F8401061
:10BC300044F27F021140A0F840100020704700003D
:10BC400010B586B041F23804C4F20204206840F412
:10BC500000002060C820F7F715FE206820F40000DF
:10BC60002060606940F001006061606900F00100DF
:10BC700001900198012002904FF4C05001900220E1
:10BC8000CDE9030001A94FF09040F8F779FB4FF0A0
:10BC900090404FF400610022F8F752FC4FF09040C2
:10BCA0004FF480510022F8F74BFC4FF49670F7F7F1
:10BCB000E9FD06B010BD000080B50A784B7830F879
:10BCC00022C05200B3B15FEA4C6348F2A00E0BD51C
:10BCD00030F812C040F60F730CEA030C0EF120038B
:10BCE00043EA0C0320F81230C97801291AD040F633
:10BCF0003F7110E05FEA4C414BF2800E09D530F8FD
:10BD0000121040F60F7319400EF58053194320F8B6
:10BD1000121043F60F7130F81230194081EA0E010B
:10BD200020F81210002080BD0A78497848F290036C
:10BD3000CFF6FF73002908BF03F57F6330F822C0F8
:10BD400040F63F7108BF43F60F7101EA0C015940FC
:10BD500020F8221000207047F0B581B00D4604464F
:10BD60006878012868D12A69AF69974288BF174669
:10BD7000287B00287CD0286AE978022940F0958049
:10BD8000297834F8213040F60F661E404B0090426F
:10BD900040F2A9804BF28002CFF6FF72A2F53C522E
:10BDA000324324F81320C01B286234F81320B4F85F
:10BDB0005000204400F58060C9004BF2800612F06C
:10BDC000400F40F0DA8041F00201475269692A8948
:10BDD000BBB2204600F0B6F96869C1196961286AEA
:10BDE0002A690023904288BFC31B2B6288BF384654
:10BDF0006A78012A00F00A81002A40F03481B4F800
:10BE0000502022442B78062747EAC3031A44B2F88D
:10BE100000346FF39F23A2F8003402F580620028FB
:10BE200000F00C813E2800F20F8100F0010303EBCB
:10BE300050039B029BB213E1287B50B3E8780128A2
:10BE400047D002284CD1E9694BF28000002900F06C
:10BE5000C880297834F8213003F0400213F4804F71
:10BE600040F0C280002A00F0C38043F60F7115E154
:10BE7000EA886969BBB2204600F064F9B4F8500062
:10BE800020442978022242EAC1010844A0F8007443
:10BE900050E0A9694BF28000002955D04BF2800296
:10BEA000CFF6FF72A2F5405255E0C01B28622978F8
:10BEB00034F82120B4F85000204400F58060C90017
:10BEC00012F0400F2DD141F00201475269692A89D1
:10BED0002CE00020A86143F60F714BF28000DDE0FA
:10BEE000012001B0F0BD4BF28007CFF6FF77A7F538
:10BEF0004052324324F81320022242EAC101214475
:10BF0000B4F850201144A1F8000469692A8983B269
:10BF1000204600F017F942F6D070381A40F63F710B
:10BF2000BCE041F00601475269696A89BBB220460C
:10BF300000F008F942F6D0704BF28001CFF6FF71A5
:10BF4000081A40F63F71A9E0EB78A0F54052002BAB
:10BF500008BFA0F53C522B7834F8237040F60F66EA
:10BF600037403A4324F823202A6991428CBF891A2A
:10BF70000021A96143F60F7190E041F0060147529C
:10BF800069696A89BBB2204600F0DCF86869C119AA
:10BF90006961286A2A690023904288BFC31B2B620B
:10BFA00088BF38466A78012A3CD0002A6CD1B4F8A0
:10BFB000502022442B78022747EAC3031A44B2F8E0
:10BFC00000346FF39F23A2F8003402F58062C0B3FF
:10BFD0003E284AD800F0010303EB50039B029BB2BA
:10BFE0004FE043F60F7159E012B943F60F7155E077
:10BFF000490034F8112040F60F731A40A0F53F5362
:10C000001A4324F8112043F60F7147E0B4F850208A
:10C0100022442B78062747EAC3031A4402F58062BC
:10C0200003461FE0B4F8502022442B78022747EA49
:10C03000C3031A4402F58062034624E04FF4004330
:10C040000EE04FF400431CE04FF0FF33470910F0BF
:10C050001F0F08BF03EB50174FF4004367F38E2305
:10C0600017883B4313806A890FE04FF0FF3347097D
:10C0700010F01F0F08BF03EB50174FF4004367F396
:10C080008E2317883B4313802A8983B2204600F011
:10C0900059F842F6D070301A40F63F712A7834F8D9
:10C0A00022301940484024F82200002001B0F0BDA1
:10C0B0000021A0F844104BF68071A0F84010002039
:10C0C0007047000040F6C850C2F20000F8F760BEAA
:10C0D000B0F8440070470000104400F58060002272
:10C0E000B2EB530F15D070B54FEA530ECEF10002EC
:10C0F00023F0010C0C46054635F8026B2670360A13
:10C10000667002340132F7D1614400EB4E00BDE8A5
:10C110007040DA071CBF008808707047002904BF10
:10C120008021A0F84C100020704700000121A0F8E9
:10C1300040100021A0F844100321A0F84010002076
:10C140007047000003F1010C0023B3EB5C0F08BF44
:10C1500070474FEA5C03104400F580605A4200BF0C
:10C1600091F800C04B784CEA032320F8023B0231DF
:10C170000132F5D170470000FEE7000020F00040DA
:10C18000C0F1FF40C00F704720F00040C0F1FF40F9
:10C19000C00F70470028B8BF704700F01F01012290
:10C1A00002FA01F140094EF28012CEF2000242F88A
:10C1B0002010BFF34F8FBFF36F8F70470028B8BFB9
:10C1C000704700F01F01012202FA01F140094EF20E
:10C1D0000012CEF2000242F8201070474EF60C50CA
:10C1E000CEF200000068C0F30220704700F1604CFE
:10C1F00000F00F034EF61452CEF200021A44B0F1D2
:10C20000FF3FC8BF0CF56442080110707047000082
:10C210004EF61F50CEF20000002101707047000062
:10C220004EF60C51CEF200010A684FF6FF031A4099
:10C2300060F30A2242F0806040F0FD7008607047B1
:10C24000BFF34F8F4EF60C50CEF20000016801F4A0
:10C25000E0610422C0F2FA5211430160BFF34F8F34
:10C2600000BFFDE770B504462568287800F05AFC49
:10C27000002802BF0025284670BD6E1C002500BFA7
:10C28000266016F8011C307805EB850201EB4201AF
:10C29000A1F1300500F046FC01360028F0D1284617
:10C2A00070BD0000000000002DE9F04F81B02DEDC1
:10C2B000028B96B0B0EE408AF0EE608A9946154641
:10C2C0000E4607469FEDF20B54EC18BB53EC102BB7
:10C2D0005846214607F099F8002840F009810DF1F1
:10C2E000880A9AE8010511909FEDEB0B53EC102B97
:10C2F0005846214607F090F8002800F0F980129780
:10C30000CDE90D65CDE90F989FEDE50B50EC101BC5
:10C31000CDE90B10C00F089460F3DF7440F2FF30DA
:10C32000214626460A9660F31F519FEDDF0B53EC22
:10C33000102B584606F024F89FEDDD0B53EC102B24
:10C3400006F0F4FB04460D46C6F30A50A0F2FF3097
:10C3500006F03CFB9FEDD80B53EC102B06F0E6FBF0
:10C360009FEDD70B53EC102B06F00AF802460B4654
:10C370002046294606F004F806F0A8FA0146139173
:10C3800006F024FB04460D469FEDCF0B53EC102B1B
:10C3900006F0CCFB9FEDCE0B53EC102B05F0F0FF1D
:10C3A00006460F469FEDCC0B53EC102B204629463A
:10C3B00006F0BCFB04460D463046394606F086FAC8
:10C3C000099006F003FB9FEDC60B53EC102B06F013
:10C3D000ADFB02460B462046294605F0D1FF8146BB
:10C3E000CDF854A08A464A46534606F09FFB804645
:10C3F000CDF850B08B469FEDBC0B53EC102B06F0E4
:10C40000B7F89FEDBB0B53EC102BCDE9062305F0DD
:10C41000B7FF02460B464046594606F0A9F89FED85
:10C42000B60B53EC102B05F0ABFF02460B46404613
:10C4300059460A9E149F06F09BF804460D469FED50
:10C44000B00B51EC100B4A46534606F0F1FC224665
:10C450002B4605F095FF04460D46484651464A4690
:10C460005346DDF854A005F08BFF22462B4606F01C
:10C470007FF89FEDA50B53EC102B05F081FF0022F8
:10C48000C3F6F072099B02EB0353002206F04EFB49
:10C4900004460D4645EC184B3846314622462B469D
:10C4A00006F0BAFF1AF4806B1199884608BF4FF066
:10C4B000060800280CD120460C462946DDE9062353
:10C4C00006F056F8139A013A139241EC180B2146E4
:10C4D000139A02F163004FF00509C72838BF4FF0E7
:10C4E00004095FEA0A50154612D42F46089D44E01D
:10C4F000384631462A464B46B0EE480AF0EE680A06
:10C5000016B0BDEC028B01B0BDE8F04F00F00CB9E5
:10C510000C469FED7F0B53EC102B3846314606F04E
:10C5200089FFC8B99FED7C0B53EC102B3846314680
:10C5300006F072FF80B9A8F101000027A8454FF06E
:10C540000008C8BFA0EB05084AF4806ACDF854A0E3
:10C550004FF00009089D10E0B8F1000FDDF820A0B1
:10C5600007D04FF00608BBF1000F18BFA4F1010877
:10C5700001E04FF000082F465546139753EC182B57
:10C58000DDF850B05846314605F0F2FF82460C46C1
:10C59000002F04BF3446DA469FED610B51EC100BBF
:10C5A0005246234606F044FC06460F4658462946A6
:10C5B000DDE90B2306F03EFF159D25F4006C109A73
:10C5C000B2EB09024FF0000198BF0A46B9F1000F23
:10C5D000134618BF002315F00201149108BF13463B
:10C5E000CDE90083CDF808C0002804BF2746564691
:10C5F00047EC106B129C2046DDF834B05946DDF84C
:10C60000388042462E46DDF83CA0534600F08CF8B8
:10C610000546B9F1000F34D006F0200080F0650027
:10C6200059462A465346A0470520A9F101010A228E
:10C63000139FFB0FCDE901320022CDE903210590C4
:10C64000002F384648BF4042129F149C00906A1C3D
:10C6500038465946534600F02FFB05468CB1A5EBF2
:10C660000800109EB0420CD2C8F1000420205946A8
:10C670002A465346B84701356019B042F6D306EB57
:10C680000805284616B0BDEC028B01B0BDE8F08F5E
:10C69000FFFFFFFFFFFFEF7FFFFFFFFFFFFFEFFF4A
:10C6A0000000000000000000000000000000F8BFD3
:10C6B00061436F63A787D23FFB799F501344D33FF9
:10C6C000B3C8608B288AC63F71A379094F930A408B
:10C6D000000000000000E03F1655B5BBB16B024002
:10C6E000EF39FAFE422EE6BF0000000000002C40A9
:10C6F000000000000000244000000000000018407E
:10C700000000000000000040000000000000F03FBA
:10C710002D431CEBE2361A3F0000000080842E41BE
:10C7200000000000000000802DE9F04F81B02DEDE9
:10C73000028B98B0B0EE408AF0EE608A98461546BB
:10C740008B4681469FEDDA0B56EC187B53EC102B91
:10C750003846314606F060FEDDE925A468B90420BC
:10C760000FF2B831CDE90010CDE902A44846594690
:10C770002A46434600F068FBAFE19FEDDB0B53EC2C
:10C78000102B3846314606F04EFEA0B914F00400D6
:10C790004FF0030101EB9000DDA1DEA208BF0A46C5
:10C7A000CDE90020CDE902A4484659462A46434631
:10C7B00000F04AFB91E1CDE90E58DDF890809FED45
:10C7C000CC0B53EC102B3846314606F01EFEB8BB9E
:10C7D0009FEDC90B53EC102B3846314606F01CFE7A
:10C7E00070B30D979FEDC60B600558BF4FF006085C
:10C7F00050EC101BCDE90810C00F374660F3DF770F
:10C80000B8F10A0F0C96CDE90AB929D3C8F109008D
:10C8100010F1200F98BF6FF01F00414210A8302286
:10C82000F3F7CCFE012000BF411CA8F10108B8F1CC
:10C830000A0F02D320280846F6D3A1F1010911E01E
:10C84000CDF800802598CDE9010448465946DDE938
:10C850000E23B0EE480AF0EE680AFFF725FD3CE132
:10C860004FF000090D9E3046394606F02FF88346FA
:10C8700006F0ACF802460B4630460597394606F0FE
:10C88000D7FA43F6C012C0F6010202EBC80292EDDD
:10C89000000B53EC102BCDE9062306F047F90646B2
:10C8A0000F4606F051F8824606F0B4F802460B46F1
:10C8B0003046394606F0BCFA06460F469FED920B0D
:10C8C00055EC104B22462B4606F0ADFD002815D145
:10C8D0000AF1010A504606F09DF802460B46DDE9D2
:10C8E000060106F092FD00282E4604BF0BF1010B55
:10C8F0004FF0000AB8F1000F13D132E0304639464C
:10C9000022462B4606F096FD00282E4606D10AF058
:10C910000100BAF1000F08BF01208244B8F1000FF6
:10C920001FD0B9F11F0F74D810A8484400214CF64D
:10C93000CD42CCF6CC4200BFAAFB0237FB0803EB8A
:10C940008307AAEB470747F030074754BAF10A0FAD
:10C9500039D3013109EB0107202F9A46ECD3B946B0
:10C9600059E0584606F032F802460B460D980599F4
:10C9700006F05EFA2246334606F04EFD002818BF48
:10C98000012000EA0B008344B9F11F0F41D846F2A1
:10C990006760C6F2666010A95BFB00F2931003EBC0
:10C9A000D27202EB8203ABEB4303303301F8093060
:10C9B00009F101090BF10903132B2CD3B9F1200F55
:10C9C0009346E9D325E009EB010E0EF101031F2B7D
:10C9D0001FD8C8F101035F1800234FF0300CC618B0
:10C9E0000E44FA180CD086F801C00EEB0302023296
:10C9F0000133202AF3D30EEB030000F101090AE012
:10CA00002E2070700EEB030000F10209B9F11F0F28
:10CA1000BDD94FF02009DDE90EA8DDE90AB4DDE952
:10CA200025750C9E05F0030001282CD18FB10D98BF
:10CA30003146DDE9082306F0FDFC002818BF01207F
:10CA400015F00C0118BF012108433F1AB94503D363
:10CA500019E00027B94516D2B9F11F0F13D810A855
:10CA60004844A9EB0701A9F12002914288BF0A4678
:10CA700051423022F3F79AFD09F10109B94538BF57
:10CA8000B9F1200FF8D3B9F11F0F1BD80D9831461B
:10CA9000DDE9082306F0C0FC10B910A82D210DE037
:10CAA000680709D428070DD510A8202106E000BF8B
:10CAB000FFFFFFFFFFFFEFFF10A82B2100F8091079
:10CAC00009F1010910A8CDE90009CDE90275204658
:10CAD00059465246434600F0B7F918B0BDEC028BF8
:10CAE00001B0BDE8F08F00BFFFFFFFFFFFFFEF7F4A
:10CAF0000000000065CDCD410000000065CDCDC136
:10CB00000000000000000000000000000000E03F06
:10CB1000666E6900666E692B00000000666E692D06
:10CB2000000000003038C1B200200A2938BF0120BF
:10CB3000704700002DE9F04F85B004928E46844680
:10CB4000149CDDE91285DDF840A0DDE90E6B14F0E0
:10CB5000020F3CD104F00109002D18BFB9F1000FFC
:10CB600040F08D80C34520D2BBF11F0F1DD806EBCE
:10CB70000B00ABEB0801ABF12002914288BF0A46E3
:10CB8000514230229A4677466446F3F70FFDA44699
:10CB9000149CBE465346DDF840A000BF0BF1010BCC
:10CBA000C34538BFBBF1200FF8D3B9F1000F0ED049
:10CBB000AB450CD2BBF11F0F09D8302006F80B0093
:10CBC0000BF1010BAB4538BFBBF1200FF6D3E006EC
:10CBD0003CD51199600519D4BBF1000F16D0C3459F
:10CBE00018BFAB4512D1ABF1010010290FD170B1C4
:10CBF000A1F11000B0FA80F04109ABF1020014F08D
:10CC000020020AD1202808D2782117E0584610299E
:10CC10000FD1012114F02002F4D00027202838BFC2
:10CC20000127002A18BF01223A40114208D058219A
:10CC300004E0022904D11F2802D8622131540130B6
:10CC40001F282CD83021315400F1010BBBF11F0FEC
:10CC500008D8BAF1000F07D02D2006F80B000BF111
:10CC600001001CE058461AE0600713D4200751BFAA
:10CC70005846202006F80B000BF101000FE014F0DD
:10CC80000C0018BF012040EA0A002D1AC345FFF42A
:10CC90006BAF8AE72B2006F80B000BF10100CDE902
:10CCA0000060CDE9025460467146049A00F0CCF869
:10CCB00005B0BDE8F08F00002DE9F04F91B09C4623
:10CCC000DDE91E3A0DF1680E9EE8304824B1089067
:10CCD00008461146624609E02AF010091AF4806FEE
:10CCE00034D10890084611466246CA460AF020052B
:10CCF00085F0610505F1F60800270DF1240900BF54
:10CD0000B4FBFBF505FB1B4C0CF0FE0EBEF10A0F4D
:10CD1000464638BF3026664409F8076001371F2FA2
:10CD20000BD85C452C46EBD2D14694460A460146C8
:10CD300008981D9DAE461B9D09E0D14694460A46C3
:10CD4000014608981D9DAE461B9D00E0002709AED8
:10CD5000CDE9006702AC84E82048CDE90539634697
:10CD6000FFF7E8FE11B0BDE8F08F00002DE9F04FAD
:10CD700093B0DDE91C6556EA0507209CDDF890803C
:10CD8000DDE922AEDDF878B004D00DF11C0C8CE8A2
:10CD90000F0009E028F0100C18F4806F3CD10DF161
:10CDA0001C0E8EE80F00E046219F08F0200080F066
:10CDB000610000F1F60A4FF000090DF12C0B00BFE5
:10CDC0003046294622463B46F3F7C0FA00FB146280
:10CDD00002F0FE030A2B534638BF30231A440BF8E7
:10CDE000092009F10109B9F11F0F0DD8321B75EBAC
:10CDF000070206460D46E3D2C44607AB0FCBDDE97A
:10CE000022AEDDF878B009E0C44607AB0FCBDDE910
:10CE100022AEDDF878B001E04FF000090BAF8DE8ED
:10CE2000800A03AD85E81044CDF818C0FFF782FEF4
:10CE300013B0BDE8F08F0000002818BF00F060B804
:10CE400070470000704700002DE9F04F83B099460D
:10CE500090460E4607460F9800F0020BDDE90D1ACA
:10CE600010F0010F444619D1BBF1000F444615D113
:10CE70005145444612D2AAEB01050AEB0800029084
:10CE8000444600BF2020314622464B46B847013D6C
:10CE900004F10104F6D10D990298441AB1B1CDE91B
:10CEA00001B8DDF830B02546884600BF0BEB08001E
:10CEB00010F8010C31462A464B46B8470135B8F107
:10CEC0000108F3D10D980444DDE901B8BBF1000F6E
:10CED00011D0A4EB080050450DD2C8F1000500BFE9
:10CEE0002020314622464B46B84701342819504588
:10CEF000F6D30AEB0804204603B0BDE8F08F00002B
:10CF000080B582B08DF807000DF10700012103F014
:10CF1000C7FA02B080BD0000002902460CD002789A
:10CF2000002A024608D0C1F10101024612F8013F71
:10CF300011B10131002BF9D1101A70472DE9F04FD2
:10CF400091B09146884610934CF64566C0F60006AF
:10CF5000B8F1000F18BF06461A9C002710990878F0
:10CF6000002800F0C182252840F0F680A246481C27
:10CF700010904FF0000B00BF109C2578A5F1200009
:10CF8000102823D8DFE800F00E22220922222222D4
:10CF900022222213221822221D00601C10904BF026
:10CFA000100BE9E7601C10904BF0080BE4E7601CE5
:10CFB00010904BF0040BDFE7601C10904BF0020B5D
:10CFC000DAE7601C10904BF0010BD5E72846FFF71D
:10CFD000A9FD18B110A8FFF745F90EE02A2D0BD1D5
:10CFE0005AF8041B601C10900029B8BF4BF0020BCC
:10CFF00048BF49420F9101E000200F90109C20781B
:10D000002E281AD1601C109065784BF4806B28464E
:10D01000FFF788FD20B110A8FFF724F984460EE041
:10D020002A2D0AD15AF804CBA01C1090BCF1000F95
:10D030004FF00000D8BF844601E04FF0000C10987C
:10D04000017868394FEA7101092900F2E3805446FA
:10D05000DFE801F0081318242424052424050130F6
:10D06000109019E0411C10914178682940F0D4805B
:10D07000023010904BF0C00B10E0013010904BF4D8
:10D08000007B0BE0411C109141786C2904D10230E7
:10D0900010904BF4407B01E04BF4807B10980078BB
:10D0A000A0F12501532900F25780DFE811F0340187
:10D0B00055005500550055005500550055005500C8
:10D0C00055005500550055005500550055005500B8
:10D0D00055005500550055005500550055005500A8
:10D0E00055005500550055005500550055007C0071
:10D0F00099007C005500550055005500550055001D
:10D100005500550055005500550055005500550077
:10D11000550055005E00550055005500550055005E
:10D1200055005500550055005E0036015E007C003C
:10D1300099007C0055005E005500550055005500D3
:10D1400055005E003D01550055004B0155005E0045
:10D15000550055005E0000BF41463A464B46B04779
:10D160001098013010900137F8E6A0F15803202BF9
:10D1700000F2558008211022DFE803F0545151518C
:10D1800051515151515111515151515151515151CF
:10D19000515151125151515151515151540002218B
:10D1A0002BF00C0B4BE040F02001672908BF4BF43B
:10D1B000006B0F9940F00200472808BF4BF0200B8E
:10D1C000E01D20F0070494ED000BCDE900C1CDF87F
:10D1D00008B0304641463A464B46FFF765F813E043
:10D1E000E11D21F0070494ED000B462808BF4BF029
:10D1F000200BCDF800C00F98CDE9010B3046414619
:10D200003A464B46FFF790FA0746109801301090C7
:10D210000834A3E6544641E74BF0800B3EE72BF081
:10D22000100B0A22582808BF4BF0200B642805D0A9
:10D230006928114618BF2BF00C0B00E011461BF4B7
:10D24000806F18BF2BF0010B692801D0642810D122
:10D250005FEA8B501FD45FEACB5034D45FEA4B6057
:10D260000F9B00F18C805FEA0B60206848BF00B222
:10D2700086E05FEA8B5035D45FEACB500F9A00F11D
:10D280008B805FEA4B6000F1C9805FEA0B60206829
:10D2900048BF80B2C3E0E01D20F00700044654F808
:10D2A000082B406804910021CDE9051C0F99CDE9B8
:10D2B000071BC10F12EBE07282EAE07240EBE073F1
:10D2C00083EAE0701CE054F8040BC20FCDE90121A1
:10D2D000CDF80CC00F99CDE9041B002848BF40428F
:10D2E000009062E0E01D20F00700044654F8082B8F
:10D2F000406804910021CDE9051C0F9BCDE9073B57
:10D30000CDE900200291304641463A464B46FFF7B0
:10D310002DFD0746E4E025201EE71BF002010E91DB
:10D320004BD04FF0010B8CE054F8040B4BF0210173
:10D330000090002001901020CDE9020C0820CDE9DA
:10D34000040132E054F8045B0C94BCF1000F614618
:10D3500008BF4FF0FF312846CDF834C0FFF7DCFDA1
:10D360000D9988420B4638BF03461BF480620E922B
:10D3700008BF03461BF0020433D01A4685E020782C
:10D38000C20FCDE90121CDE903C3CDF814B00028C7
:10D3900048BF4042009049E054F8040B0090002040
:10D3A00001AB83E80310CDE9042B304641463A46F1
:10D3B0004B46FFF781FC074692E00F9802283ED3C8
:10D3C000441E00F1010B00257A19202041464B46EE
:10D3D000B0470135AC42F7D10F983844471E544648
:10D3E0002FE00B95A2461C460F9DAC420F9548D2EC
:10D3F000281B38440A904FF0000B00BF07EB0B02CC
:10D40000202041464B46B0470BF1010B04EB0B00CB
:10D41000A842F3D36A1C0A9F0D9934E0207800904B
:10D42000002001AB83E80310CDE9042B30464146D0
:10D430003A464B46FFF740FC0746043450E04FF0B5
:10D44000020B14F8040B41463A464B46B0477D1C8C
:10D450000E98A0B10F98834511D2A246A0EB0B0401
:10D460003844471C202041462A464B46B047013CE1
:10D4700005F10105F6D1A7EB0B07544630E02F4626
:10D480002EE00134224654460B9D287898B105F1D0
:10D49000010B15460E9A0AB171B101398A46C0B224
:10D4A00041463A464B46B04701371BF8010B00286E
:10D4B0005146EFD100E015468CB10F9885420ED24F
:10D4C000441B00EB070A00BF202041463A464B466A
:10D4D000B047013C07F10107F6D1AAEB05070C9C08
:10D4E00010980130109039E54F453A4628BFA9F110
:10D4F0000102002041464B46B047384611B0BDE816
:10D50000F08F0000002804BF9FED370A70470278B3
:10D510002D2A06D04FF0010C2B2A08BF10F8012F3E
:10D5200003E04FF0FF3C10F8012F0023302A18D3FE
:10D530009FED2D2AB2EE040AD1B23A294DD2A2F1C2
:10D54000300101EE101AB8EEC11A10F8012F0123B4
:10D5500002EE001A2F2AB0EE412AEDD82E2A04D06E
:10D5600026E09FED211A2E2A22D14278A2F1300125
:10D57000C9B209291CD8B7EE003A9FED1B4A023008
:10D580006FF02F03B2EE042A53FA82F110F8012B48
:10D5900000EE101AB8EEC00AA2F1300123EE023AF2
:10D5A00004EE020AC9B20A29B0EE404AECD306E002
:10D5B0009FED0D0A002B08BF7047B7EE003AB0EEA2
:10D5C000412A80EE030A32EE000AB1EE401ABCF1A5
:10D5D000000FB8BFB0EE410A70479FED030AD807AD
:10D5E000FAD0B7EE003AECE700000000B4EEE00A33
:10D5F000F1EE10FA08DBB4EEC10AF1EE10FAF0EE2B
:10D60000410AD8BFF0EE400AB0EE600A7047000051
:10D6100070B541F6F015C2F20005A86E41F2F47142
:10D62000C2F20001097A99B140F2B571C0F6010168
:10D63000884234D043F6A450C0F6010001F008F847
:10D6400043F62E70C0F6010001F002F8002070BD14
:10D6500040F2B576C0F60106B04208D011A000F045
:10D66000F7FF43F62E70C0F6010000F0F1FF41F223
:10D67000F474C2F200042046FBF724FAA86EB0420C
:10D680000DD0617A12A219A0002908BF104600F03F
:10D69000DFFF43F62E70C0F6010000F0D9FF002036
:10D6A00070BD00BF5144726976652063616C696228
:10D6B000726174696F6E20737461727465642C207A
:10D6C000706C6561736520776169742E2E2E000081
:10D6D0005144726976652063616C69627261746934
:10D6E0006F6E206661696C65640000005144726968
:10D6F00076652063616C6962726174696F6E206324
:10D700006F6D706C657465640000000070B52DED80
:10D71000028BA0B00C460546022D1BDB6668B4A147
:10D720003046F2F7C9FFA8B130463D21F2F785FE39
:10D7300098B16C46204631467F22F2F790FF0026D2
:10D740008DF87F6020463D21F2F777FE054605F80B
:10D75000016B07E000F0A2F9ECE0032DACBFA56877
:10D7600000253446A4A12046F2F7A6FF002862D087
:10D77000002D65D02846FFF7C5FEB0EE408AA9A16E
:10D780002046F2F799FF00286AD0AAA12046F2F7B6
:10D7900093FF002800F09380AAA12046F2F78CFFA7
:10D7A000002800F09780ABA12046F2F785FF002803
:10D7B00000F0C580ABA12046F2F77EFF002800F004
:10D7C000CB80ACA12046F2F777FF002800F0D38091
:10D7D000ACA12046F2F770FF002800F0DD8043F690
:10D7E0009651C0F601012046F2F766FF002800F0CE
:10D7F000DE80A7A12046F2F75FFF002800F0E2805C
:10D8000043F61D51C0F601012046F2F755FF0028EE
:10D8100000F0E38041F6F010C2F20000806E40F2AA
:10D82000B571C0F60101884200F0848043F67C5057
:10D83000C0F6010010E025B32846FFF763FE26E09E
:10D8400041F6F010C2F20000806E40F2B571C0F6F1
:10D85000010188426ED06BA0214600F0F9FE63E022
:10D86000DFED8D0A41F2F470C2F20000B0EE480A1A
:10D87000B0EE601AF0EE601AB0EE602AF0EE602AA8
:10D8800038E041F2F470C2F20000FBF741FA41F2D5
:10D89000F470C2F20000FBF733FC41F6F010C2F264
:10D8A0000000806E40F2B571C0F60101884241D09F
:10D8B00043F6DB40C0F6010000F0CAFE34E09FED05
:10D8C000760A41F2F470C2F20000F0EE480AB0EEBF
:10D8D000401A09E09FED700A41F2F470C2F20000B4
:10D8E000F0EE400AB0EE481AF0EE401AB0EE402AD0
:10D8F000F0EE402AFBF79EFB41F6F010C2F200006A
:10D90000806E40F2B571C0F60101884212D018EE67
:10D91000100A05F02FFD02460B4643F62C50C0F6C8
:10D920000100214600F094FE43F62E70C0F601007F
:10D9300000F08EFE002020B0BDEC028B70BD9FED8C
:10D94000560A41F2F470C2F20000F0EE400AB0EE66
:10D95000401AF0EE481AC9E79FED4F0A41F2F47001
:10D96000C2F20000F0EE400AB0EE401AF0EE401AAB
:10D97000B0EE482ABCE79FED480A41F2F470C2F2CB
:10D980000000F0EE400AB0EE401AF0EE401AB0EEA1
:10D99000402AF0EE482AADE7DFED3F0A41F2F4708D
:10D9A000C2F20000B0EE480AFBF722FBA4E79FEDAD
:10D9B0003A0A41F2F470C2F20000F0EE480AFBF7B6
:10D9C00017FB99E7BDEEC80A10EE101A41F2F47089
:10D9D000C2F20000FBF704FB8EE7BCEEC80A10EEB3
:10D9E000101A41F2F470C2F20000FBF767FB83E704
:10D9F0002D2D6C69737400007A65726F5F706F73A0
:10DA0000000000004D697373696E672076616C7564
:10DA10006520666F7220636F6E666967205B257391
:10DA20005D0000007069642E73706565642E6B7014
:10DA3000000000007069642E73706565642E6B6968
:10DA4000000000007069642E73706565642E6B645D
:10DA5000000000007069642E616E676C652E6B704B
:10DA6000000000007069642E616E676C652E6B6942
:10DA7000000000007069642E616E676C652E6B6437
:10DA8000000000006C696D69742E73706565640038
:10DA900063616E2E696400000000C07F70B541F6BE
:10DAA000F014C2F20004A06E40F2B575C0F6010594
:10DAB000A84200F0CC8066A000F0CAFD43F62E70AC
:10DAC000C0F6010000F0C4FDA06EA84200F0BF80C7
:10DAD00041F2F476C2F20006D6F8800005F04AFC66
:10DAE000024661A00B4600F0B3FD43F62E70C0F66F
:10DAF000010000F0ADFDA06EA84200F0A880D6F8AD
:10DB0000840005F037FC02465CA00B4600F0A0FD47
:10DB100043F62E70C0F6010000F09AFDA06EA842F8
:10DB200000F09580D6F8880005F024FC024658A045
:10DB30000B4600F08DFD43F62E70C0F6010000F09C
:10DB400087FDA06EA84200F08280D6F8B40005F0F0
:10DB500011FC024653A00B4600F07AFD43F62E70EE
:10DB6000C0F6010000F074FDA06EA8426FD0D6F898
:10DB7000B80005F0FFFB02464FA00B4600F068FD21
:10DB800043F62E70C0F6010000F062FDA06EA842C0
:10DB90005DD0D6F8BC0005F0EDFB02464BA00B466D
:10DBA00000F056FD43F62E70C0F6010000F050FD67
:10DBB000A06EA8424BD0D6F8C80005F0DBFB0246A9
:10DBC00043F66550C0F601000B4600F041FD43F6F8
:10DBD0002E70C0F6010000F03BFDA06EA84236D0CA
:10DBE000D6F8940005F0C6FB024643F68D40C0F619
:10DBF00001000B4600F02CFD43F62E70C0F601002C
:10DC000000F026FDA06EA84208BF70BD96F86C110A
:10DC100043F6F540C0F6010000F01AFD43F62E7001
:10DC2000C0F6010000F014FDA06EA8420FD0D6F897
:10DC3000701143F6CF50C0F6010000F009FD43F625
:10DC40002E70C0F60100BDE8704000F001BD70BD4F
:10DC500043757272656E7420436F6E666967757284
:10DC60006174696F6E3A00007069642E7370656547
:10DC7000642E6B70203D20252E3367007069642E62
:10DC800073706565642E6B69203D20252E33670017
:10DC90007069642E73706565642E6B64203D202569
:10DCA0002E3367007069642E616E676C652E6B7031
:10DCB000203D20252E3367007069642E616E676CED
:10DCC000652E6B69203D20252E3367007069642E18
:10DCD000616E676C652E6B64203D20252E336700D6
:10DCE00010B52DED028B022814DC41F6F010C2F2C3
:10DCF0000000806E40F2B571C0F6010188427AD012
:10DD000056A000F0A5FC43F62E70C0F6010000F00E
:10DD10009FFC70E0D1E90140FFF7F4FBB0EE408AD0
:10DD200037A12046F2F7C8FC48B337A12046F2F7E6
:10DD3000C3FC50B336A12046F2F7BEFC58B336A15F
:10DD40002046F2F7B9FC60B336A12046F2F7B4FCE6
:10DD500068B341F6F010C2F20000806E40F2B57177
:10DD6000C0F60101884246D031A0214600F070FC87
:10DD700043F62E70C0F6010000F06AFC3BE041F271
:10DD8000F470C2F20000002116E041F2F470C2F219
:10DD90000000012110E041F2F470C2F20000022103
:10DDA0000AE041F2F470C2F20000032104E041F203
:10DDB000F470C2F200000421B0EE480AFAF796FEB1
:10DDC00041F6F010C2F20000806E40F2B571C0F66C
:10DDD000010188420FD018EE100A05F0CBFA024676
:10DDE0000B4619A0214600F033FC43F62E70C0F616
:10DDF000010000F02DFC0020BDEC028B10BD00BF27
:10DE000063757272656E74007370656564000000FE
:10DE1000616E676C65000000737465705F616E67AA
:10DE20006C6500006C6F775F73706565640000005F
:10DE3000556E6B6E6F776E206374726C20746172B6
:10DE40006765743A2025730053657474696E6720A2
:10DE50002573203D20252E32660000005573616732
:10DE6000653A206374726C205B63757272656E74C0
:10DE70007C6C6F775F73706565647C7370656564D7
:10DE80007C737465705F616E676C657C616E676CD6
:10DE9000655D2056414C55450000000080B541F2BB
:10DEA000F470C2F20000FBF755F941F6F010C2F22F
:10DEB0000000806E40F2B571C0F60101884208D0C2
:10DEC00005A000F0C5FB43F62E70C0F6010000F07F
:10DED000BFFB002080BD00BF51447269766520649D
:10DEE000697361626C65640010B541F2F474C2F24A
:10DEF00000042046FBF71CF941F6F010C2F20000C6
:10DF0000806E40F2B571C0F6010188420DD0217AD1
:10DF100007A211A0002908BF104600F099FB43F6A4
:10DF20002E70C0F6010000F093FB002010BD00BF72
:10DF3000656E61626C65206661696C65642C207039
:10DF40006C656173652063616C69627261746520E0
:10DF500066697273740000005144726976652065C9
:10DF60006E61626C65640000B0B541F6F014C2F2F7
:10DF70000004A06E40F2B575C0F60105A8427BD042
:10DF800049A000F065FB43F62E70C0F6010000F0DA
:10DF90005FFBA06EA8426FD047A00E2100F058FB97
:10DFA00043F62E70C0F6010000F052FBA06EA842AE
:10DFB00062D09FED330B53EC102B46A000F048FBD2
:10DFC00043F62E70C0F6010000F042FBA06EA8429E
:10DFD00052D048A0182100F03BFB43F62E70C0F64B
:10DFE000010000F035FBA06EA84245D09FED260B46
:10DFF00053EC102B46A000F02BFB43F62E70C0F61E
:10E00000010000F025FBA06EA84235D09FED200B4B
:10E0100053EC102B43F64750C0F6010000F018FBFC
:10E0200043F62E70C0F6010000F012FBA06EA8426D
:10E0300022D09FED190B53EC102B43F6A440C0F6F1
:10E04000010000F005FB43F62E70C0F6010000F061
:10E05000FFFAA06EA8420FD09FED110B53EC102BCE
:10E0600043F67140C0F6010000F0F2FA43F62E705C
:10E07000C0F6010000F0ECFA0020B0BD00BF00BF08
:10E08000000000000080404000000080C2F5124007
:10E09000000000C0CCCC254000000020AE47D13F9E
:10E0A000000000606666FA3F4861726477617265DD
:10E0B00020496E666F3A00002020506F6C6520701A
:10E0C00061697273202020202020203A20256420BE
:10E0D0000000000020204B5620726174696E67209A
:10E0E000202020202020203A20252E31662072700A
:10E0F0006D2F560020204E6F6D696E616C20766F1B
:10E100006C7461676520203A202564205600000069
:10E110002020506861736520696E64756374616E58
:10E120006365203A20252E3266206D4800000000ED
:10E1300080B541F2F470C2F20000FAF71FFF41F619
:10E14000F010C2F20000806E40F2B571C0F601011D
:10E15000884208D006A000F07BFA43F62E70C0F685
:10E16000010000F075FAFFF799FC002080BD00BFA8
:10E1700051447269766520666163746F72792072AA
:10E180006573746F726520636F6D706C6574656420
:10E190000000000070B541F6F015C2F20005A86E4F
:10E1A00040F2B576C0F60106B04200F0908049A07A
:10E1B00000F04EFA43F62E70C0F6010000F048FA67
:10E1C000A86EB04200F0838041F2F474C2F2000401
:10E1D00094F86C1143A000F03BFA43F62E70C0F6A1
:10E1E000010000F035FAA86EB04270D0207A43A248
:10E1F00045A1002808BF114645A000F029FA43F6C2
:10E200002E70C0F6010000F023FAA86EB0425ED076
:10E21000617B44A000F01CFA43F62E70C0F60100AA
:10E2200000F016FAA86EB04251D0D4F85C0105F0A7
:10E23000A1F8024640A00B4600F00AFA43F62E7001
:10E24000C0F6010000F004FAA86EB0423FD0D4F846
:10E25000240105F08FF802463DA00B4600F0F8F9C6
:10E2600043F62E70C0F6010000F0F2F9A86EB0423D
:10E270002DD041F2F474C2F200042046FAF748FDB2
:10E2800010EE100A05F076F8024643F60350C0F689
:10E2900001000B4600F0DCF943F62E70C0F60100D9
:10E2A00000F0D6F9A86EB04211D0D4F8640105F0A0
:10E2B00061F8024643F6C340C0F601000B4600F089
:10E2C000C7F943F62E70C0F6010000F0C1F9002036
:10E2D00070BD00BF4D6F746F72205374617475739D
:10E2E0003A000000202043414E20494420202020B5
:10E2F0002020203A202530336400000064697361D7
:10E30000626C656400000000656E61626C656400AB
:10E310002020537461747573202020202020203A1F
:10E320002025730020204374726C4D6F646520209B
:10E330002020203A20256400202043757272656EEB
:10E34000742020202020203A20252E3266204100F3
:10E350002020537065656420202020202020203A52
:10E3600020252E32662072706D00000080B541F2CB
:10E37000F470C2F20000007AC0B141F6F010C2F2AF
:10E380000000806E40F2B571C0F60101884228D0CD
:10E3900043F6A450C0F6010000F05AF943F62E707F
:10E3A000C0F6010000F054F9002080BD41F2F47085
:10E3B000C2F200001C21FAF7B3FB41F6F010C2F2E2
:10E3C0000000806E40F2B571C0F60101884208D0AD
:10E3D00005A000F03DF943F62E70C0F6010000F0F4
:10E3E00037F9002080BD00BF53746F726520636FE2
:10E3F0006E66696775726174696F6E20636F6D70A8
:10E400006C65746564000000B0B50020C1F6FF7053
:10E4100005684468EFF3108072B640F6FC00C2F263
:10E420000000FCF7BDFCF7F77DF9F5F715FA4EF2A1
:10E430001000CEF2000000210160416081604FF0C9
:10E44000FF3200BF00EB8103C3F87021C3F87022D4
:10E4500001310829F6D1BFF34F8FBFF36F8F85F3DA
:10E460000888A047FEE7000080B5F6F785F8FBF7BF
:10E4700043FAFDF709FBF9F71FFEF9F787FDF9F7F6
:10E48000C1FCF9F7B3FFF9F739FDF9F7ABFDF9F77F
:10E490005FFEF9F789FEF9F73FFFF9F7D1FF00F0CA
:10E4A0001BF8F9F7C7FD00F02BF800BFFEE70000EE
:10E4B000884228BF08467047EFF3058100291CBF3A
:10E4C0006FF005007047002804BF0020704780B53A
:10E4D00002F0ECFA002080BDEFF3058000281CBF9D
:10E4E0006FF00500704740F28820C2F2000001681A
:10E4F000002911BF4FF0FF3001210160002070475B
:10E5000010B5EFF3058000281CBF6FF0050010BDAB
:10E5100040F28824C2F20004206801281CBF4FF09A
:10E52000FF3010BDFAF786FF0220206002F0A0FB4A
:10E53000002010BD70B584B08E4600210391EFF32A
:10E540000581E8B3E1BB32B111689369A3B15D1EE7
:10E55000372D2ED811E018234FF0400C002103AACC
:10E56000CDE900321FFA8CF2734603F00BF8012854
:10E5700026D00020039023E018231579ED0718D149
:10E58000D2E9026554694FEA940C002C08BF4FF0A1
:10E59000400C8EB15C2D13D394B1146984B194688E
:10E5A0001269CDE9003202946246734603F01AF80C
:10E5B000E0E7002004B070BD15B91269002ACED082
:10E5C000039804B070BD0000B0B541F6F014C2F27B
:10E5D0000004A06E40F2B575C0F60105A84216D041
:10E5E0000CA011A100F034F843F62E70C0F6010023
:10E5F00000F02EF8A06EA84209D00EA012A100F0E3
:10E6000027F843F62E70C0F6010000F021F8002034
:10E61000B0BD00BF48617264776172652076657233
:10E6200073696F6E20257300343331305F362E31BD
:10E630002E300000536F66747761726520766572C4
:10E6400073696F6E20257300362E322E3000000065
:10E6500083B080B583B0844605A80EC005A802909B
:10E66000029800904CF63960C0F600000DF10701E9
:10E670004FF0FF326346FEF761FC03B0BDE8804017
:10E6800003B07047F0B581B00D46044644F6F07013
:10E69000C2F20000076841F27C36C2F20006306820
:10E6A000043002F089F8601C0BD155B13068011DAF
:10E6B00044F6C870C2F2000001B0BDE8F04002F0BC
:10E6C000D9B83C44306844600120BC4228BF0020D7
:10E6D00001280BD141F28C30C2F200000068316891
:10E6E000043101B0BDE8F04002F0A6B841F2843038
:10E6F000C2F2000000683168043102F09DF844F66F
:10E700005070C2F2000001688C4238BF046001B052
:10E71000F0BD0000B0B5044602F0C2F844F6243063
:10E72000C2F2000001680131016041F27C35C2F2A1
:10E730000005296861B144F6BC70C2F200000068AF
:10E7400060B92868E16AC06A884298BF2C6005E019
:10E750002C600068012801D100F0C4F944F6303083
:10E76000C2F200000168013101606164E06A44F6B0
:10E770003431C2F200010A68904288BF086000EBA1
:10E78000800041F29431C2F2000101EB8000211DB2
:10E7900002F070F802F0A8F844F6BC70C2F2000073
:10E7A000006880B12868E16AC06A884228BFB0BDAD
:10E7B0004EF60450CEF200004FF080510160BFF3DE
:10E7C0004F8FBFF36F8FB0BD70B582B002F068F8A5
:10E7D00044F6F476C2F20006306850BB44F6F064AA
:10E7E000C2F20004204602F017F844F60475C2F2A3
:10E7F0000005284602F010F841F29030C2F2000005
:10E80000056041F28030C2F20000046000200090F8
:10E8100041F28522C2F2000241F22833C2F2000323
:10E820000A20102102F0ECFB306010B103A102F0CD
:10E8300005F902B0BDE8704002F056B8546D72514F
:10E8400000000000F0B581B044F62835C2F20005A2
:10E850002868E0B144F6DC76C2F2000644F62437BC
:10E86000C2F2000702F01CF8F068C468201D01F035
:10E87000A3FF38680138386028680138286002F042
:10E8800033F8204600F054F828680028EAD101B097
:10E89000F0BD0000026C002A08BF7047D0E902C337
:10E8A0001344C360634524BF0368C360C36808465C
:10E8B0001946F1F736BE000070B515460446A66B42
:10E8C000226CD2B1F5B1E068F1F72BFE2168E26865
:10E8D000206C121AE2608A4203D24042A1680844C6
:10E8E000E060002E304618BF0120A91EB1FA81F168
:10E8F00049090840361A002016E02068002578B142
:10E90000002011E06068F1F70CFED4E90101226CEF
:10E9100010446060884224BF20686060002003E0EB
:10E92000A06802F067FFA560711CA16370BD0000C4
:10E9300010B5044694F85900022808BF10BD0128FC
:10E9400003D038B9206B01F0E7FF2046BDE8104046
:10E9500001F0E2BF4FF0500080F31188BFF36F8FDA
:10E96000BFF34F8FFEE7000041F28031C2F2000199
:10E9700009680A68B2FA82F35B090360002A0EBFD5
:10E980000020C8680068704780B544F6C07CC2F2B9
:10E99000000C4FF0000E42F2F071C2F2000111F0D3
:10E9A000070301F1070020F007000A4618BF0246DE
:10E9B000CCE9002E401A42F22831002B18BF091A68
:10E9C0005018083820F0070041F28831C2F20001E7
:10E9D0000860C0E900EE801A50600968116044F6D2
:10E9E0004471C2F20001086044F64C71C2F20001A9
:10E9F000086044F61870C2F200000121017080BD69
:10EA000070B541F29434C2F200044EF60455CEF2D1
:10EA100000054FF0805604E02E60BFF34F8FBFF328
:10EA20006F8FFFF70FFF20680228FAD3F4E700008A
:10EA3000B0B51C46049DC5E90F01002908BF2A4650
:10EA40002A602846012102F027FB85F84C40B0BD22
:10EA50002DE9F047984616460F4682460A9C206BE1
:10EA6000B100A522F1F7AAFD206B00EB8600043867
:10EA700020F00706DDE908596FB104F134000021E8
:10EA80007A5C42547A5C12B101311029F8D300202B
:10EA900084F8430002E0002084F834000027372D7A
:10EAA00028BF3725C4E91357E562201D01F0C0FED9
:10EAB00004F1180001F0BCFE6765C5F13800A061E3
:10EAC00084F858702461646230465146424600F032
:10EAD00039FB2060B9F1000F18BFC9F80040BDE84C
:10EAE000F0870000B0B5002441F29435C2F2000571
:10EAF000281901F091FE1434B4F58C6FF8D144F666
:10EB00001C74C2F20004204601F086FE44F6307503
:10EB1000C2F20005284601F07FFE44F66470C2F29E
:10EB2000000001F079FE44F6DC70C2F2000001F052
:10EB300073FE44F6C870C2F2000001F06DFE41F2AF
:10EB40008430C2F20000046041F28C30C2F2000056
:10EB50000560B0BD44F6C072C2F2000211460A68F8
:10EB60008242FBD3D1F804C001EB0C03834203D1F2
:10EB70004068604448600846D0F804C000EB0C03CD
:10EB8000934201D013460AE041F28833C2F20003F7
:10EB90001B689A4203D05368634443601368036060
:10EBA000814218BF0860704780B58C4600610146FD
:10EBB00041F804CF944508D99A4201D29C4511D21C
:10EBC00041F28030C2F2000007E0D21A806982422E
:10EBD00008D241F29030C2F20000006801F02CFE31
:10EBE000002080BD012080BD10B5044601F058FE14
:10EBF000A06BB0FA80F0440901F076FE204610BD0B
:10EC000010B5044601F04CFEA06BE16B401AB0FA5F
:10EC100080F0440901F068FE204610BD08480068F5
:10EC2000006880F308884FF0000080F3148862B613
:10EC300061B6BFF34F8FBFF36F8F00DF00BF00BF20
:10EC400008ED00E070B582B00E46054641F2803016
:10EC5000C2F200000068C068C468201D01F0ACFD6D
:10EC600094F8280010F0040F04D100F0FE0084F89E
:10EC7000280010E0A0694119204632462B46FFF7D4
:10EC800093FF40B100200090204600212A46002337
:10EC900002F00CFF28B1216A204602B0BDE87040A6
:10ECA00008474FF0500080F31188BFF36F8FBFF318
:10ECB0004F8F00BFFEE700002DE9F04186B044F61B
:10ECC000F477C2F20007386802A94FF0000800226A
:10ECD00002F05AFB002867D001AC02AD0298B0F1F7
:10ECE000FF3F06DCDDE903200599904702980028E4
:10ECF00052DB049E706910B1301D01F05DFD2046AD
:10ED000000F0BEF802460298092845D8DFE800F076
:10ED1000050505252C3B0505252C96F8280040F017
:10ED2000010086F82800B069039BC1183046FFF740
:10ED30003BFF88B3316A3046884796F82800400781
:10ED40002AD5B0690399CDF80080421830460021D9
:10ED5000002302F0ABFEF8B933E096F8280000F08B
:10ED6000FE0086F8280017E096F8280040F0010021
:10ED700086F828000398B061C8B181183046134660
:10ED8000FFF712FF08E096F8280010F0020FE6D116
:10ED9000304601F0C1FD00BF38682946002202F06C
:10EDA000F3FA00287FF49AAF06B0BDE8F0814FF087
:10EDB000500080F31188BFF36F8FBFF34F8F00BFF8
:10EDC000FEE74FF0500080F31188BFF36F8FBFF361
:10EDD0004F8F00BFFEE7000070B582B00E460446BC
:10EDE00001F098FF01A800F04BF80546019818B112
:10EDF00002F094FD02B070BD4EB141F29030C2F20B
:10EE0000000000680068B0FA80F0420902E0A54204
:10EE10001AD20022611B44F6F470C2F200000068AE
:10EE200001F020FE02F07AFD08B102B070BD4EF68E
:10EE30000450CEF200004FF080510160BFF34F8FBD
:10EE4000BFF36F8F02B070BD02F068FD2046294607
:10EE5000FFF7F8FE02B070BD41F28430C2F200004C
:10EE60000168096821B10068C068C068406801E0B5
:10EE70004FF0FF3044F65071C2F200010860704755
:10EE800070B5044602F0FEFB054641F27836C2F248
:10EE900000063068854203D200F008F8012000E047
:10EEA000002020603560284670BD00002DE9F0414B
:10EEB00082B041F28037C2F200073868016841B37E
:10EEC0004FF00008C0680568C468261D304601F090
:10EED00073FC216A2046884794F82800400714D51F
:10EEE000A0692844A84207D9606024613868314687
:10EEF00001F0A2FC09E000BFCDF80080204600210F
:10EF00002A46002302F0D2FD68B138680168002962
:10EF1000D8D141F29031C2F200010A6808603A602B
:10EF200002B0BDE8F0814FF0500080F31188BFF3CC
:10EF30006F8FBFF34F8F00BFFEE7000081B000204E
:10EF4000009040F2DC10C2F2000000684FF0500167
:10EF500081F31188BFF36F8FBFF34F8F013001D062
:10EF6000FEE700BF00980028FCD001B07047000009
:10EF700010B582B001AC00BF2046FFF7F5FC019947
:10EF8000FFF72AFFFFF798FEF6E70000F0B581B023
:10EF9000044601F085FC94F94560012E10DB04F174
:10EFA000240500BF286858B1284602F06FFC0028ED
:10EFB00018BF01F019FE701E71B201290646F1DC7E
:10EFC000FF2684F8456001F08FFC01F069FC94F99C
:10EFD0004470012F10DB04F1100500BF286858B100
:10EFE000284602F053FC002818BF01F0FDFD781EF2
:10EFF00079B201290746F1DC84F8446001B0BDE82C
:10F00000F04001F071BC00002DE9F047054601F029
:10F0100081FE41F2883AC2F2000ADAF800000028C4
:10F0200008BFFFF7B1FC44F61870C2F20000067882
:10F03000002E18BF4FF000460024002D70D016EAB5
:10F0400005006DD105F1080111F007000FD0C0F1E6
:10F050000800014411F0070F09D04FF0500080F371
:10F060001188BFF36F8FBFF34F8F00BFFEE744F6E9
:10F070004478C2F20008D8F80090481E484530D2C3
:10F0800044F6C072C2F2000217683D4655F8040FFC
:10F0900088420FD244F6C072C2F200023B461F689B
:10F0A0003FB11F683D4655F8040F88421A46F5D314
:10F0B00000E01F46DAF800309F4212D014683B6827
:10F0C0001360421A112A12D3781810F0070F0AD0D1
:10F0D0004FF0500080F31188BFF36F8FBFF34F8F55
:10F0E000FEE700241CE042602960FFF733FD08348E
:10F0F0002868A9EB0001C8F8001044F64C72C2F26F
:10F1000000021368994238BF116030432860002024
:10F11000386044F65870C2F20000016801310160A5
:10F1200002F0FCFB600704BF2046BDE8F0874FF00B
:10F13000500080F31188BFF36F8FBFF34F8F00BF74
:10F14000FEE7000080B54FF0807C4EF63D7EC0F6B5
:10F15000000E6FF0020340E9093221F0010140E99D
:10F1600003E140F804CC443880BD000010B50446EB
:10F1700000F02EF800281CBF002010BD41F6EE1054
:10F18000C2F20000018841F66E12C2F20002515C28
:10F1900021700188013101F07F010180012010BD43
:10F1A00010B5044600F024F8002818BF10BD41F641
:10F1B0006C10C2F20000018841F66E12C2F2000229
:10F1C00054540188013101F07F01018010BD00001D
:10F1D00041F66C10C2F20000008841F6EE11C2F256
:10F1E00000010988401AB0FA80F040097047000019
:10F1F00041F66C10C2F20000008841F6EE11C2F236
:10F2000000010988013000F07F00401AB0FA80F058
:10F2100040097047002241F6683CC2F2000C04E04D
:10F22000013293B2042B88BF704713B25CF82310ED
:10F230000029F5D14CF8230070470000012100F0AF
:10F2400075B8000010B50446216820698968F1F797
:10F2500033FA20B10AA1204601F01CFA0CE094F820
:10F26000600040F0010084F8600043F6F851C0F6F9
:10F270000101204601F00EFA0020E06010BD00BF41
:10F280000D0A70617373776F7264206572726F72AA
:10F290000D0A00008A78098841EA024111F0FF0F47
:10F2A0000FD001F47062B2F5006F0AD00268002A34
:10F2B0001EBF12880A405FEA026202D1FF2040B2FC
:10F2C000704790F86000C00712BF0020C1F3003003
:10F2D000013840B27047000080B500F0BFFA002846
:10F2E00008BF80BD43F63671C0F6010101F0D2F9C6
:10F2F00080BD0000B0B50446E089A1890D1A28B28E
:10F30000012808DB2046202101F0DAF8681E29B226
:10F3100001290546F6DC217B2046BDE8B04000F01F
:10F320006FB800004FF0FF31AFF30080B0B5044676
:10F33000E289012908BF002A52D0A38911F1010CEA
:10F3400008BF9A424CD0012908BF9A4249D0E189AE
:10F35000A289531ABCFA8CF56D09AB420DDD2B4620
:10F3600029442269555C114401F8015CE189A289B4
:10F37000501A01331DB2A842F2DC013AA281BCF15D
:10F38000000F05D0481EE0812046082101F098F8C2
:10F39000A089216900220A54A189B4F90E0088428B
:10F3A0000ADA85B22169095C204601F089F8013545
:10F3B00028B2A1898842F5DB2046202101F080F89F
:10F3C000E089A18901310D1A28B20128B8BFB0BD6A
:10F3D0002046082101F074F8681E05B2002DF7DC04
:10F3E000B0BD581EA081511EE181216980B200226A
:10F3F0000A5420460121BDE8B04000F001B80000E9
:10F4000070B50C460546002C08BF70BD05A600BFB0
:10F410002846314601F03EF9013C14F0FF0FF7D1C8
:10F4200070BD00BF082008004FF0FF3100F0DABACD
:10F4300010B5044600F006F82046BDE8104001F083
:10F44000ADB80000B0B50446A08988B32169002595
:10F450000D5494F86000C00704D12046BDE8B040C8
:10F46000FFF7F0BE204600F00DFB204600F0B8FC90
:10F47000E560E08E002808BFB0BD43F62E71C0F6EF
:10F480000101204601F006F96169A26D20460023C2
:10F4900000F05AFD014621B12046BDE8B04000F021
:10F4A00003BD43F6E451C0F60101204601F0F2F835
:10F4B000B0BD00000178302909D143780321022230
:10F4C000612B06DC422B0AD0582B0DD008E000221D
:10F4D00007E0782B08D0622B08BF012200E0012250
:10F4E0000178002911460BD0013000BF02782E2A86
:10F4F00002D1427832B902780130002AF6D10A46A8
:10F50000D0B270470422D0B270470000014611F813
:10F51000012B272A18BF014608785C2818BF7047BE
:10F520004978A1F16202122A0ED80820DFE802F021
:10F530001110101010101010101010100A101010D0
:10F54000121014000A207047302904BF00207047B1
:10F55000084670470D207047092070472DE9F04399
:10F5600081B00546287801262D2808BF4FF0FF36C8
:10F570002D38B0FA80F044092819FFF79BFF814627
:10F58000A9F10100C1B2022907D841B21FA050F869
:10F59000210021A252F8218002E000204FF00A0849
:10F5A000284404440025002707E000BF00F016F9B6
:10F5B00005FB080507EB87004700013402E000BFA8
:10F5C0000134012714F8010C2E28F9D00028EDD1C0
:10F5D000B9F1040F15D1A7B100EE107A01EE105A5F
:10F5E000B8EE400AB8EE411A02EE106AB8EEC22A2E
:10F5F00081EE000A20EE020A10EE100A01B0BDE80A
:10F60000F08305FB06F001B0BDE8F08302000000C6
:10F6100001000000020000000200000008000000DD
:10F620001000000010B51C4622B10A78242A1FD110
:10F630004A78EAB10A782D2A0CD0272A05D14878D1
:10F64000C8B10846FFF762FF18E0A2F13003DBB251
:10F65000092B03D80846FFF781FF0FE042B1242AA7
:10F6600009D14A783AB12246BDE8104000F02EB8E0
:10F670004FF0FF3010BD084600F004F82060002075
:10F6800010BD000070B5044614F8011B222918BFF4
:10F6900004460026254601E0013601352878222857
:10F6A00004D05C2806D010B90BE000BF0020B1B236
:10F6B0006054F1E72846FFF729FFB1B260540135E5
:10F6C000EAE7B0B200212154204670BDB0B514461F
:10F6D0000546AA6D0131002300F036FC01460029E1
:10F6E00004BF4FF0FF30B0BD284600F0CBF82060DB
:10F6F0000020B0BD2DE9F0478CB08846824600203E
:10F70000CDE90A00CDE90800CDE90600CDE9040005
:10F71000541E98F8020000F00F099145B8BFA146A9
:10F72000022A0FDB1F1D002504AE00BF57F825106D
:10F73000504600223346FFF775FF90B90135043675
:10F74000A542F3DBB9F1070F0BD8DFE809F0040F8E
:10F75000161E262B3B31D8F8080080470CB0BDE8B8
:10F76000F0874FF0FF300CB0BDE8F087D8F80810F4
:10F77000049888470CB0BDE8F087D8F80820DDE988
:10F78000040190470CB0BDE8F087D8F8083004AA0F
:10F7900007CA98470CB0BDE8F087D8F8087004ABEA
:10F7A0000FCB16E0D8F8087004AE4FCE009610E0EC
:10F7B000D8F8087004AE4FCEDDE90954CDE90065F4
:10F7C000029406E0D8F8087004AE4FCE099DCDE94A
:10F7D0000065B8470CB0BDE8F0870000302814D3AE
:10F7E00039289EBFD030C0B27047612805D3662843
:10F7F0009EBFA930C0B2704707E0A0F14101C9B275
:10F8000005299EBFC930C0B270470020C0B2704702
:10F81000C068704710B541F65C31C2F20001302279
:10F820000A724FF03032C1E900220188C1F303218E
:10F83000012905D921F07F42072A01D9082902D1DF
:10F840004468204610BD406841F65C34C2F20004B2
:10F85000214600F003FE204610BD0000002141F6C5
:10F860006832C2F2000200BF52F8210020B190F8C5
:10F8700060309B0748BF704701310529F4D3002051
:10F88000704700000888C0F303200238052815D807
:10F89000DFE800F005080C03030F886870478868EC
:10F8A000006870478868B0F9000070478868007881
:10F8B00070478868416809B10068084700207047B0
:10F8C0002DE9F04F81B00D460446002D6CD0A06BA1
:10F8D00010F47F4F04D06FF0FF084FF0000916E0DE
:10F8E00010F47F0F06D040F20008CFF6FF784FF0FB
:10F8F00008090CE000214FF01809B1EB106F18BF98
:10F900004FF010094FEA106818BF4FF07F48B4F865
:10F910005C00E8B3A76DFF2000FA09FAA9F108011D
:10F920008840009000204FF0000B00BF0101795A81
:10F9300001F47061B1F5106F20D107EB001620467D
:10F940003146FFF7A7FCC8B9304650F8042F02EA49
:10F950000803A16B8B4211D1EBB203FA09F302EA5F
:10F960000A029A420AD11943A163B9F1000F1ED0CD
:10F970000068009908421AD0002500BFB4F85C1056
:10F980000BF1010B0FFA8BF08842CFDB280605D074
:10F990000020A063E9B2204600F01AFAF4F7D8FD7F
:10F9A00010B1F4F7D5FD606001B0BDE8F08FB1682B
:10F9B00009B1204688470020A063EFE7B0B50C46A8
:10F9C0000546FFF74BFF50B1012D03D100F050F970
:10F9D0000020B0BD022D02DB616800F0A5FD002013
:10F9E000B0BD000010B50446012936DBB4F954104F
:10F9F000481EA4F85400B4F85000B4F852209042C5
:10FA000088BF024650428142D8BFA4F85400204625
:10FA1000FFF770FCB4F9540018B3B4F8521008445E
:10FA2000053046F26761C6F2666150FB01F14A108B
:10FA300002EBD17101EB8101401A04EB8000C16B34
:10FA4000206900F0F1FBA081002808BF10BDE08113
:10FA50002169204600F01EFE10BDB1F1FF3F03DD1D
:10FA600010BD0020E06010BDB4F854000130A4F8CF
:10FA7000540000B20128A2BF0020A4F8540010BD19
:10FA8000C5E7000010B504460020A4F85400B4F8FF
:10FA9000500070B1B4F85200411E002808BF042184
:10FAA00004EB8100C06B2169F0F706FE002808BF57
:10FAB00010BDB4F8520004EB8000C06B216900F067
:10FAC000B3FBB4F8521000281CBF0131A4F8521047
:10FAD000B4F85000013082B2052A28BF0520A4F8EE
:10FAE000500088B2052824BF0020A4F8520010BDA1
:10FAF00010B5044600202060C4E90301A4F85400B6
:10FB000020654AF6AB20CAF6AA20A2FB00029008A4
:10FB1000A08694F8603043F0010384F8603001EB74
:10FB200092010F2244F8221001440132142AF9D123
:10FB300043F67470C0F60100A06544F21411C0F6DB
:10FB40000101081A0009A4F85C002046FFF762FBD7
:10FB5000A26D07A12046002300F0F6F901462046D9
:10FB600000F02EFA2046BDE8104000F017BD00BF9F
:10FB70005144726976650000B0B50446A089A28E32
:10FB8000013A824218DDE289904224D1421CA281CE
:10FB900022691154A089226900231354E08901309D
:10FBA000E08194F8600010F0010F08BF2A21204680
:10FBB000BDE8B04000F084BC43F61071C0F601010E
:10FBC000204600F067FD204600F0E8FC2169204651
:10FBD00000F060FDB0BDFDD9801A00B2012808DB3D
:10FBE000E28923691A44131813F8013C13540138AD
:10FBF000F6DCE089421CE28122691154A0890130BF
:10FC0000A081216980B200220A54E0894FF6FF7179
:10FC100045180AE094F86010C9071ABF2169095C09
:10FC20002A21204600F04CFC013528B2A1898842E7
:10FC3000F0DBE0890D1A28B20128B8BFB0BD00BFC3
:10FC40002046082100F03CFC681E29B20129054627
:10FC5000F6DCBFE710B50446E089002808BF10BDF8
:10FC60002046082100F02CFCE0890138E08110BD1D
:10FC7000AFF300802DE9F0410446A66D13A100F01A
:10FC800009FDB4F85C00002808BFBDE8F0814FF022
:10FC900000080020002700BF0101715A01F46061D3
:10FCA000B8EB512F0AD106EB001520462946FFF785
:10FCB000F1FA18B92046294600F012F8B4F85C10A1
:10FCC000013738B28842E7DBBDE8F0810D0A436FA7
:10FCD0006D6D616E64204C6973743A0D0A0000000A
:10FCE000F0B581B00D4604462846FFF793FD014666
:10FCF000204600F0CFFC4FF4B011A1EB00400426E9
:10FD00000028C8BF060C4FF6FF7700BF2046202111
:10FD100000F0D6FB013E3E42F8D12888C0F3032014
:10FD2000012801D828A10DE020F07F41072901D842
:10FD300023A107E0082801D11FA103E009298CBFF6
:10FD400019A11BA1204600F0A5FC43F63171C0F6B5
:10FD50000101204600F09EFC08260127013E07FA1B
:10FD600006F0297808424FF0780108BF2D2120467F
:10FD700000F0A6FB002EF1DC43F63171C0F6010164
:10FD8000204600F087FC2846FFF742FD014620464A
:10FD900000F0A2FB43F62E71C0F60101204601B02F
:10FDA000BDE8F04000F076BC4E4F4E45000000002C
:10FDB0004B455920000000005553455200000000FB
:10FDC0005641522000000000434D44200000000036
:10FDD00090F8602002F0FB0280F86020FFF7CCBEB4
:10FDE00010B582B00446A18920690822009204F16E
:10FDF0001402202300F074F9E08602B010BD000068
:10FE0000F0B581B004460FB20026012F0CDB0DF1D6
:10FE1000030500BF2846FFF7A9F928B19DF80300A4
:10FE2000A0550136BE42F5DB0120FEF745FB30B29E
:10FE300001B0F0BD2DE9F0410446E08E002808BF76
:10FE4000BDE8F0814FF000084FF0FF37002600BFFB
:10FE5000B0B204EB800050F8141F0A78222A04D1B3
:10FE600081F8008001680131016005682846F0F7DB
:10FE7000EEFA17FA80F0295C222908BF05F8008005
:10FE8000E08E0136B1B28142E2D3BDE8F0810000DC
:10FE9000C1898289914228BF70474A1CC281026988
:10FEA000515C00F00DBB000070B50D46044694F89F
:10FEB000600040F0020084F86000A878298841EAD8
:10FEC0000040C0F30321012911D001BB2046FFF7F8
:10FED000B1FFE08EAA6804F1140190470646288815
:10FEE000800429D42046314600F090FB24E0E28EC5
:10FEF00004F1140320462946FFF7FCFB0646288838
:10FF0000800419D42046314600F080FB14E0010A39
:10FF1000090705D42046294600F084F800260BE0A6
:10FF200000F47060B0F5006F05D12046294600F05E
:10FF300047F8002600E0002694F8600000F0FD007D
:10FF400084F86000304670BD2DE9F04799461546AB
:10FF500088468246DAF85800281ABAF85C10A1EBF5
:10FF6000101084B244B30020002700BF0101695A79
:10FF700001F47061B1F5106F16D005EB0016504614
:10FF80003146FFF787F978B93046FFF743FC014661
:10FF90004046B9F1000F04D04A46F0F777FA18B995
:10FFA00007E0F0F789FB20B10137B8B28442DDD811
:10FFB00000263046BDE8F08700263046BDE8F087D1
:10FFC00010B504462160886830B1017831B1E18E06
:10FFD000022905D2002009E0012007E0012005E008
:10FFE000A169F0F769FBB0FA80F0400994F860105D
:10FFF00001F0FE01084384F8600043F63671C0F654
:020000040801F1
:100000000101204600F046FB94F86000C00708BFDD
:1000100010BD43F6F851C0F60101204600F03AFB4E
:1000200010BD0000F0B583B00E46044643F2300028
:10003000C0F2300002904FF03037CDE90077FFF783
:1000400021FC05467168204600F024FB23A12046D0
:1000500000F020FB308800F47060B0F5A06F10D184
:1000600043F63476C0F601062046314600F012FB16
:100070002046294600F00EFB2046314600F00AFBE0
:1000800022E06E462846314600F0B8F9C0F10B0078
:100090003118204600F0FEFA43F63F71C0F6010128
:1000A000204600F0F7FA30208DF80A0043F23000C5
:1000B000ADF80800CDE900772846314600F0CEF9CA
:1000C0002046314600F0E6FA43F62E71C0F60101F3
:1000D000204600F0DFFA284603B0F0BD203D2000A6
:1000E0002DE9F04F85B09A46144689460746002010
:1000F000CDE90300CDE901000E98012804DB80B2B0
:1001000081002046F0F784FAB9F1000F65D0009421
:10011000002440F2D01BC2F2000B00210020002579
:100120004FF0010E3A195FFA85FCBCF1000F0FD0B9
:100130003B5D9BF80160B34236D101AB634413F8D9
:10014000013C9BF80060B3422ED1013D37E000BF77
:1001500092F800805FFA8EF6012E0BD1D04509D0BF
:100160000E9B98421EDA009B43F8202001304FF08E
:10017000000E19E05FEA0E6616D1A8EB0A06B6FA81
:1001800086F67609A8F12003B3FA83F35B093343BB
:100190000AD000253D555278202A4FF0010218BFA1
:1001A000964613E04FF0010E9BF800601378B342BF
:1001B00005D101AB03F80C606B1C03F00F053B5D30
:1001C0005C2B03D15278002A18BF013101318CB267
:1001D0004C45A7D305B0BDE8F08F002005B0BDE8C1
:1001E000F08F000080B590F800C0BCF1000F15D072
:1001F00000234FF0000E00BFCB5C63B15FFA8CF2BE
:100200009A4208D10EF1010E1FFA8EF310F803C0C6
:10021000BCF1000FF0D11FFA8EF080BD4FF0000E40
:100220001FFA8EF080BD000080B50A784FF0000CF8
:1002300000235AB1864600BF8EF80020013310FA21
:1002400083FE9AB28A5C002AF6D100E086468EF8D8
:1002500000C098B280BD00002DE9F04F81B0044687
:10026000A08900287ED0B4F83490216900220A5475
:10027000B4F85C00002800F0A980D4F858B0002041
:1002800000254FF000084FF0000A00BF0BEB0016EE
:1002900020463146FEF7FEFF90BB27693046FFF748
:1002A000B9FA01463846FFF79DFFA189884227D158
:1002B0001FFA8AF000B3012806D1204643F62E71BA
:1002C000C0F6010100F0E6F91FFA88F00BEB001709
:1002D00020463946FFF704FD3846FFF79BFA0746EC
:1002E0003046FFF797FA01463846FFF77BFF1FFAC3
:1002F00089F1814288BF81460AF1010AA84600BF00
:10030000B4F85C10013528B28842BFDB1FFA8AF5C9
:10031000002D5BD0012D02D12046FEF7EBFF1FFA26
:1003200088F00BEB001726693846FFF773FA014691
:100330003046FFF779FFA081022D08D320463946C9
:10034000FFF7CEFC204600F029F9A4F80C90A08914
:10035000216900220A54A089E0812169204600F029
:1003600099F907E02046FFF783FC204600F016F9D4
:100370004FF0000AF4F7ECF840B31FFA8AF00128B6
:100380001ED194F8600040071AD5F4F7E1F86168CF
:10039000401AC72814D843F62E71C0F60101204632
:1003A00000F078F92169204600F0BEF8204600F000
:1003B000F5F82169204600F06DF901B0BDE8F08F35
:1003C00094F8600040F0040084F8600001B0BDE8DB
:1003D000F08F0000B0B582B004460DF1070504E0CF
:1003E0009DF807102046FFF76BFA626E002AFCD0DA
:1003F0002846012190470128F7D1F1E70022CA726F
:100400000028034648BF4342B0B54FF00B0EB3B1CE
:1004100046F2676CC6F2666C53FB0CF2941004EB68
:10042000D27202EB8204A3EB44043034AEF1010E2D
:100430005FFA8EF54C550933122B1346ECD8002881
:1004400002DB07D1302000E02D20AEF1010E5FFA73
:100450008EF28854CEF10B0040B2B0BD80B54FF0A3
:10046000000C81F808C0082290B100BF00F00F0E08
:10047000BEF1090F4FF0300388BF57239E44013A65
:10048000D3B201F803E00309BCEB101F1846EDD10D
:10049000C2F1080040B280BD0121FFF7A3BA0000FD
:1004A00080B50A46014642F2E030C2F20000F0F7A1
:1004B0007FFD0021002808BF4FF0FF31084680BDB6
:1004C00080B582B08DF80710826E0DF10700012112
:1004D000904702B080BD0000F0B581B00746BB6E0A
:1004E000EBB10020012242F201440D4602E000BFC0
:1004F000013001352E780D2EFAD802FA06F6264282
:10050000F6D082B20846252A07D324219847BA6E2E
:1005100004A00321904701B0F0BD1146984701B0F7
:10052000F0BD00BF2E2E2E0070B50446A26D002334
:10053000FFF70AFD0546F5B113A1204600F0AAF821
:100540002846FFF767F90146204600F0A3F843F676
:100550002E76C0F601062046314600F09BF828466C
:10056000FFF756F90146204600F094F82046314640
:1005700000F090F870BD43F6E451C0F6010120464A
:1005800000F088F870BD00BF636F6D6D616E642010
:1005900068656C70206F66200000000010B504468E
:1005A00094F86000C00701D112A118E043F62E7143
:1005B000C0F60101204600F06DF820684168204631
:1005C00000F068F808A1204600F064F8A06807A1D0
:1005D000002818BF0146204600F05CF804A1204620
:1005E00000F058F810BD00BF3A0000002F000000D6
:1005F00024200000506C6561736520696E7075740D
:100600002070617373776F72643A0000F0B583B045
:100610000D46044643F23000C0F2300002904FF025
:100620003037CDE9007718A1204600F033F86E4648
:1006300028463146FFF7E2FEC0F10B003118204694
:1006400000F028F843F63F71C0F60101204600F0A3
:1006500021F830208DF80A0043F23000ADF8080090
:10066000CDE9007728463146FFF7F8FE20463146AF
:1006700000F010F843F62E71C0F60101204600F09C
:1006800009F803B0F0BD00BF52657475726E3A2070
:1006900000000000D0F868C0BCF1000F0AD0087854
:1006A00058B14A1C002000BF013012F8013B002B5A
:1006B000FAD103E0002080B27047002080B582B2FA
:1006C00008461146E047BDE8804080B27047000010
:1006D000FBF7B6FD41F6F010C2F2000040F2B57132
:1006E000C0F60101816600207047000080B500203F
:1006F000C1F6FF7000680021C2F6FE710840B0F13B
:10070000005F15D041F6F010C2F20000806E40F29A
:10071000B571C0F60101884208D015A0FDF798FF19
:1007200043F62E70C0F60100FDF792FF002080BD59
:1007300041F2F470C2F20000F8F70CFD41F6F0103F
:10074000C2F20000806E40F2B571C0F6010188422D
:1007500008D010A0FDF77CFF43F62E70C0F6010014
:10076000FDF776FF6420F3F78DF8FDF74DFE00BF2F
:1007700053797374656D20626F6F746C6F6164651B
:100780007220766563746F7220696E76616C69643D
:1007900000000000456E746572696E672055534213
:1007A0002044465520626F6F746C6F616465722ED1
:1007B0002E2E000000207047D0E9012301699360CC
:1007C000D0E901235A604A68824204BF82684A60C5
:1007D000002202610868013808600868704700005C
:1007E00044F63843C2F20003036044F63830C2F2E4
:1007F00000000860402010607047000044F69463D9
:10080000C2F20003036044F69440C2F200000860A4
:100810008020106070470000002101604FF0FF3120
:10082000024642F8081F4260C0E9032270470000F8
:10083000002101617047000080B5D1F800C01CF1B3
:10084000010208D000F108039E46DEF804301A6861
:100850006245F9D901E0D0F810E0DEF804204A60E2
:100860009160C1F808E0CEF8041008610168013118
:10087000016080BD42684A6093688B6093685960EC
:10088000916008610168013101607047DFF80C0078
:10089000016841F470010160704700BF88ED00E01D
:1008A0004FF0500080F31188BFF36F8FBFF34F8F6D
:1008B00040F2DC10C2F2000001684A1C026001B183
:1008C00070474EF60450CEF20000006810F0FF0FA3
:1008D00008BF70474FF0500080F31188BFF36F8F4F
:1008E000BFF34F8FFEE7000040F2DC10C2F20000C1
:1008F000016839B10139016018BF7047002080F3E9
:10090000118870474FF0500080F31188BFF36F8F4C
:10091000BFF34F8FFEE70000B0B50446002C08BFC0
:10092000B0BD54F8040C44F61871C2F20001097805
:10093000002918BF4FF0004101420CD0A4F1080576
:100940002A6892B14FF0500080F31188BFF36F8F87
:10095000BFF34F8FFEE74FF0500080F31188BFF3D5
:100960006F8FBFF34F8F00BFFEE7884344F8040C3E
:1009700000F0D0F954F8040C44F64471C2F20001BE
:100980000A68104408602846FEF7E4F844F65C70F4
:10099000C2F20000016801310160BDE8B04000F022
:1009A000BDBF00004EF21000CEF200000021016039
:1009B000816040F24C01C2F20001096844F6D35252
:1009C000C1F26202A1FB02124FF0FF3101EB921162
:1009D0004160072101607047EFF30580102814D3B0
:1009E0004EF2F031CEF20001405C44F61831C2F212
:1009F00000010978884208D24FF0500080F3118836
:100A0000BFF36F8FBFF34F8FFEE74EF60C50CEF261
:100A10000000006844F61C31C2F20001096800F4CD
:100A2000E060884298BF70474FF0500080F3118813
:100A3000BFF36F8FBFF34F8FFEE70000002244F635
:100A40007C7CC2F2000C03E00132082A28BF704708
:100A50005CF83230002BF7D14CF832100CEBC201AD
:100A60004860704770B515460E460446FFF718FFFC
:100A700094F84400FF2804BF002084F8440094F850
:100A80004500FF2804BF002084F84500FFF72CFF35
:100A9000A06B28B904F1240031462A4600F0C8F8BA
:100AA0002046BDE87040FEF771BA000010B504465C
:100AB000D4B144F62C30C2F20000006848B14FF0C7
:100AC000500080F31188BFF36F8FBFF34F8F00BFCB
:100AD000FEE700F01FF920460021FDF7D3FD00F0EE
:100AE0001DFF002818BF10BD4EF60450CEF20000C6
:100AF0004FF080510160BFF34F8FBFF36F8F10BD78
:100B000070B50446FFF7CCFE24B941F27C30C2F246
:100B100000000468251D2846FFF74EFEA06A18B1A4
:100B200004F11800FFF748FE44F63030C2F200002E
:100B300001680131016041F27C36C2F20006306882
:100B400084420CD044F62430C2F20000016801391E
:100B500001602046FDF7ECFEFEF77EF90DE044F65D
:100B6000DC70C2F200002946FFF784FE44F628300C
:100B7000C2F20000016801310160FFF7B5FE44F6E2
:100B8000BC70C2F200000068F0B13068844218BF47
:100B900070BD44F62C30C2F20000006848B14FF03E
:100BA000500080F31188BFF36F8FBFF34F8F00BFEA
:100BB000FEE74EF60450CEF200004FF08051016087
:100BC000BFF34F8FBFF36F8F70BD000044F65471B9
:100BD000C2F200010968016044F6F071C2F200013E
:100BE000096841607047000044F6FC70C2F20000E2
:100BF000012101607047000010B50C4668B141F258
:100C00007C31C2F2000109681831FFF715FE204659
:100C10000121BDE81040FDF735BD4FF0500080F3D5
:100C20001188BFF36F8FBFF34F8F00BFFEE7000047
:100C3000B0B514460D4688B141F27C31C2F20001D4
:100C400009681831FFF716FE002C18BF4FF0FF356A
:100C500028462146BDE8B040FDF714BD4FF05000D6
:100C600080F31188BFF36F8FBFF34F8FFEE7000053
:100C700010B586B00024CDE9044405A804A903AA50
:100C8000FFF7AEFDDDE903200599CDE900400291B3
:100C90004EF60120C0F600001CA1002300F0A2FCCB
:100CA00044F64871C2F20001086010B300F0C4FEBF
:100CB000411C20D001281CD14FF0500080F3118836
:100CC000BFF36F8FBFF34F8F44F65070C2F2000036
:100CD0004FF0FF31016044F6BC70C2F20000012108
:100CE000016044F6F070C2F200000021016000F0E3
:100CF000BBF806B010BD4FF0500080F31188BFF371
:100D00006F8FBFF34F8F00BFFEE700BF49444C45D4
:100D10000000000044F62C30C2F2000001680131EE
:100D20000160704744F62C30C2F20000006830B118
:100D300044F6FC70C2F2000001210160704744F6E5
:100D4000FC70C2F200000021016044F6343CC2F2A3
:100D5000000CDCF8001001EB810341F29432C2F286
:100D6000000252F8230048B902EB8300A0F11403FB
:100D7000D9B1013953F814090028F9D001EB8100E9
:100D800002EB800252F8040F43681360101D834287
:100D900004BF586810601068C06841F27C32C2F22B
:100DA00000021060CCF8001070474FF0500080F344
:100DB0001188BFF36F8FBFF34F8F00BFFEE70000B6
:100DC0002DE9F04385B0994617460D46F8F7D4FC57
:100DD00080460C98002843D04FF0006101EBC522FB
:100DE00008F10403C7F50061002400BF165D1E551D
:100DF0000134B4F5006FF9D1FDF75AFB024608EB58
:100E0000070004304946EFF78CFBF3F719FA01208D
:100E100002900021CDE90350CDE9001101AE6F46EB
:100E200030463946F3F72CF90028F9D14FF000602D
:100E300000EBC529002400BF09EBC40508EBC40082
:100E4000466887680020294632463B46F3F79CF9FE
:100E50000028F7D10134B4F5807FEDD1F3F786F99E
:100E600005B0BDE8F083000080B582B04EF2004CC2
:100E7000CEF2000CDCF800294CF27021C4F20F1104
:100E80004B1C9A4209D14FF0500080F31188BFF3F8
:100E90006F8FBFF34F8F00BFFEE7DCF800298A4257
:100EA00009D14FF0500080F31188BFF36F8FBFF36B
:100EB0004F8F00BFFEE79CF800100191FF218CF8D6
:100EC00000109CF8002044F61C31C2F200010723F8
:100ED0000B608DF803209DF8032002F0500244F6C9
:100EE0001833C2F200031A709DF90320B2F1FF3FDC
:100EF0003EDC06234FF4E0620B609DF803004000E7
:100F00008DF80300A2F58072013B9DF903000028D3
:100F1000F2DB022B2CD102F4E060086001988CF81F
:100F20000000DCF8200940F47000CCF82009DCF85F
:100F3000200940F07040CCF82009FFF733FD40F263
:100F4000DC10C2F2000000210160FFF79FFC4EF6AA
:100F50003470CEF20000016841F040410160FDF7BD
:100F60005DFEFFF7DFFEFDF7E9FF002002B080BD68
:100F70004FF0500080F31188BFF36F8FBFF34F8F96
:100F8000FEE7000080B54FF0500080F31188BFF3FA
:100F90006F8FBFF34F8F00F07BFB30B14EF60450E4
:100FA000CEF200004FF080510160002080F31188E4
:100FB00080BD0000F0B581B014460D460646A6B1CE
:100FC00005FB06F05030FEF71FF8074657B100202A
:100FD00087F84600009707F150023046294623461D
:100FE000FDF726FD384601B0F0BD4FF0500080F30C
:100FF0001188BFF36F8FBFF34F8F00BFFEE7000074
:10100000B0B582B01D4660B1ADB1F1B9EAB14FF0F3
:10101000500080F31188BFF36F8FBFF34F8F00BF75
:10102000FEE74FF0500080F31188BFF36F8FBFF3DE
:101030004F8F00BFFEE74FF0500080F31188BFF3E1
:101040006F8FBFF34F8F00BFFEE751B14AB94FF02A
:10105000500080F31188BFF36F8FBFF34F8F00BF35
:10106000FEE750230193019B502B0AD1069B019C64
:10107000012485F846400095FDF7DAFC284602B0C9
:10108000B0BD4FF0500080F31188BFF36F8FBFF3F6
:101090004F8F00BFFEE70000B0B50D460446ECB12F
:1010A000FFF7FEFB0020A063FF2084F8440084F8D3
:1010B00045002068D4E90F1202FB0103013901FB4E
:1010C0000201C4E90103E16004F110007DB1FFF702
:1010D000A3FB04F12400FFF79FFB18E04FF0500042
:1010E00080F31188BFF36F8FBFF34F8FFEE7016866
:1010F00069B100F0CBFB50B14EF60450CEF20000C7
:101100004FF080510160BFF34F8FBFF36F8FFFF738
:10111000EBFB0120B0BD00002DE9F04F83B01D4670
:101120000E4604460292A4B1EEB1022D03D1E06B4B
:10113000012840F09A8000F091FA00BB0298F0B1CB
:101140004FF0500080F31188BFF36F8FBFF34F8FC4
:10115000FEE74FF0500080F31188BFF36F8FBFF3AD
:101160004F8F00BFFEE7206C0028DED04FF050000C
:1011700080F31188BFF36F8FBFF34F8FFEE7FFF748
:101180008FFBA06B022D58D0E16B884255D304F140
:1011900010084FF0000A6F460DF108094FF0000BE0
:1011A000029800287DD0BBF1000F04D13846FFF72C
:1011B0000DFD4FF0010BFFF797FBFFF7ABFDFFF7BE
:1011C0006FFB94F84400FF2808BF84F844A094F80B
:1011D0004500FF2808BF84F845A0FFF785FB384687
:1011E000494600F08BF900285ED12046FDF708FD46
:1011F000B0B102994046FFF7FFFC2046FDF7C6FE5E
:1012000000F08CFB88B94EF60450CEF200004FF08F
:1012100080510160BFF34F8FBFF36F8F05E000BFB8
:101220002046FDF7B3FE00F079FBFFF739FBA06B1A
:10123000022D02D0E16B8842B2D2204631462A46C6
:10124000FDF73AFB54F8241FC9B1204600F01EFBFD
:1012500008B34EF60450CEF200004FF0805101600A
:10126000BFF34F8FBFF36F8F15E04FF0500080F347
:101270001188BFF36F8FBFF34F8F00BFFEE750B1F0
:101280004EF60450CEF200004FF080510160BFF3E3
:101290004F8FBFF36F8FFFF727FB012003B0BDE82F
:1012A000F08FFFF721FB04E02046FDF76FFE00F012
:1012B00035FB002003B0BDE8F08F00002DE9F043BE
:1012C00081B01E4691460F460546CDB10FB3022EA2
:1012D00002D1E86B012837D1FFF77EFBEFF31188CD
:1012E0004FF0500080F31188BFF36F8FBFF34F8F23
:1012F000A86B022E19D0E96B884216D300203EE07D
:101300004FF0500080F31188BFF36F8FBFF34F8F02
:10131000FEE7286C0028DAD04FF0500080F31188E7
:10132000BFF36F8FBFF34F8FFEE795F84540A86B73
:10133000284639463246FDF7BFFAFF2C0DD0601C17
:1013400085F8450001201AE04FF0500080F3118825
:10135000BFF36F8FBFF34F8FFEE755F8240F68B1CF
:10136000284600F093FA01460120B9F1000F06D09B
:1013700000291CBF0120C9F8000000E0012088F30B
:10138000118801B0BDE8F0832DE9F04F83B00D4620
:10139000044602927CB1F5B300F060F9A8B9029856
:1013A00098B14FF0500080F31188BFF36F8FBFF3F7
:1013B0004F8F00BFFEE74FF0500080F31188BFF35E
:1013C0006F8FBFF34F8F00BFFEE7FFF769FAD4F8C6
:1013D00038B0BBF1000F2AD020462946FDF75AFA53
:1013E000ABF10100A06354F8100F70B1204600F07B
:1013F0004DFA50B14EF60450CEF200004FF080513D
:101400000160BFF34F8FBFF36F8FFFF76DFA0120BD
:1014100003B0BDE8F08F206C0028BDD04FF0500025
:1014200080F31188BFF36F8FBFF34F8FFEE704F196
:1014300024084FF000096F4602AE4FF0000A00BFCB
:101440000298002853D0BAF1000F04D13846FFF7B4
:10145000BDFB4FF0010AFFF747FAFFF75BFCFFF710
:101460001FFA94F84400FF2808BF84F8449094F8C9
:101470004500FF2808BF84F84590FFF735FA384645
:10148000314600F03BF888B12046FDF77FFD00F0C3
:1014900045FA2046FDF7A8FB58BBFFF701FAD4F840
:1014A00038B0BBF1000FCBD096E700BF2046FDF768
:1014B0009BFBB0B102994046FFF79EFB2046FDF72B
:1014C00065FD00F02BFA0028E7D14EF60450CEF26D
:1014D00000004FF080510160BFF34F8FBFF36F8F5B
:1014E000DBE72046FDF752FD00F018FAD5E7FFF7DD
:1014F000FBF9002003B0BDE8F08F0000B0B50C464A
:101500000546C5B10CB3FFF7CBF944F6F070C2F253
:10151000000001682068421C21D06A6844F65473B8
:10152000C2F20003D3F800C091421AD32B689C4545
:1015300017D0012422E04FF0500080F31188BFF350
:101540006F8FBFF34F8F00BFFEE74FF0500080F367
:101550001188BFF36F8FBFF34F8F00BFFEE70024EA
:101560000CE0891A884206D9401A20602846FFF705
:101570002DFB002402E0002020600124FFF7B4F9D5
:101580002046B0BD2DE9F04383B098461546894604
:101590000746A800FDF738FD0646EEB15C20FDF7D2
:1015A00033FD0446ACB1DDE90A10002284F859206D
:1015B0002663CDE900100294384649462A46434640
:1015C000FDF746FA2046FDF7A5F8012003B0BDE877
:1015D000F0833046FFF7A0F94FF0FF3003B0BDE8CD
:1015E000F083000070B586B00B9CCCB10C9E06B3A6
:1015F0005C250495049D5C2D25D1DDF828C0049D53
:10160000022586F85950346305ADCDE900C5029630
:10161000FDF71EFA3046FDF77DF8059806B070BD5F
:101620004FF0500080F31188BFF36F8FBFF34F8FDF
:10163000FEE74FF0500080F31188BFF36F8FBFF3C8
:101640004F8F00BFFEE74FF0500080F31188BFF3CB
:101650006F8FBFF34F8F00BFFEE7000044F6BC70F2
:10166000C2F200000068002804BF0120704744F661
:101670002C30C2F200000068B0FA80F0400940004F
:101680007047000044F6F070C2F200000068704736
:101690002DE9F04F81B044F62C30C2F20000006812
:1016A00050B144F66070C2F200000168013101607F
:1016B000002001B0BDE8F08F44F6F070C2F20000E7
:1016C00001684E1C066052D044F65071C2F200010F
:1016D0000868864201D200245DE041F28437C2F2FC
:1016E000000738680068002851D0002444F63439D7
:1016F000C2F2000941F2943AC2F2000A41F27C3B84
:10170000C2F2000B3868C068D0F80C80454655F826
:10171000040F864226D32846FFF74EF8D8F8280053
:1017200018B108F11800FFF747F8D8F82C00D9F8DD
:101730000010884288BFC9F8000000EB80000AEB67
:1017400080002946FFF796F8D8F82C00DBF8001047
:10175000C96A884228BF0124386800680028D1D1AE
:101760004FF0FF3044F65071C2F2000112E041F236
:101770008430C2F200000168096849B34FF050009C
:1017800080F31188BFF36F8FBFF34F8FFEE74FF0E9
:10179000FF300024086041F27C30C2F20000006893
:1017A000C06A00EB800041F29431C2F2000151F8AE
:1017B0002000012888BF012444F6FC70C2F200001A
:1017C0000068002818BF0124204601B0BDE8F08F52
:1017D000016841F28C32C2F20002136803601160AA
:1017E00044F65470C2F20000016801310160FDF757
:1017F00033FB69E7B0B50446002C04BF0020B0BD40
:1018000041F27C30C2F200000068A04209D04FF0E3
:10181000500080F31188BFF36F8FBFF34F8F00BF6D
:10182000FEE7206D38B3013820654FF0000018BF87
:10183000B0BDE16AE26C91421CD0251D2846FEF73E
:10184000BBFFE06CE062C0F13801A16144F63431C5
:10185000C2F200010A68904288BF086000EB800075
:1018600041F29431C2F2000101EB80002946FFF7FA
:1018700001F80120B0BD4FF0500080F31188BFF394
:101880006F8FBFF34F8F00BFFEE70000B0B5C06899
:10189000C5687DB105F118042046FEF78DFF44F6BA
:1018A0002C30C2F20000006868B144F66470C2F2E5
:1018B00000001DE04FF0500080F31188BFF36F8FE0
:1018C000BFF34F8FFEE72C1D2046FEF775FFE86A39
:1018D00044F63431C2F200010A68904288BF0860C1
:1018E00000EB800041F29431C2F2000101EB800074
:1018F0002146FEF7BFFFE86A41F27C31C2F20001E7
:101900000968C96A884291BF002044F6FC71C2F29E
:101910000001012088BF0860B0BD00002DE9F04F34
:1019200081B044F62C34C2F20004206868B1FEF79E
:10193000B7FF206801382060206880B10024FEF7DE
:10194000D3FF204601B0BDE8F08F4FF0500080F388
:101950001188BFF36F8FBFF34F8F00BFFEE744F6D0
:101960002430C2F200000068002861D044F664759B
:10197000C2F200052868A0B344F63436C2F200066D
:1019800041F29438C2F2000841F27C3BC2F2000BF3
:1019900044F6FC79C2F200094FF0010AE868C76812
:1019A00007F11800FEF708FF3C1D2046FEF704FF74
:1019B000F86A3168884288BF306000EB800008EB2D
:1019C00080002146FEF756FFF86ADBF80010C96A6E
:1019D000884228BFC9F800A028680028DED1FDF79A
:1019E0003BFA44F66074C2F2000425686DB144F617
:1019F000FC76C2F200060127FFF74AFE002818BF56
:101A00003760013DF8D10020206044F6FC70C2F23E
:101A10000000006870B14EF60450CEF200004FF0A6
:101A200080510160BFF34F8FBFF36F8F012486E7B2
:101A3000002484E7002482E780B586B0FCF7C4FE6A
:101A400044F6F470C2F20000006808B30020CDE94B
:101A5000040005A804A903AAFEF7D0FEDDE90320CF
:101A600005990223CDE9003002914EF67170C0F65F
:101A700000000CA10023FFF7B5FD44F6F871C2F297
:101A800000010860002803D018BF012006B080BD07
:101A90004FF0500080F31188BFF36F8FBFF34F8F6B
:101AA000FEE700BF546D7220537663008446BCF19C
:101AB000000F1AD010B584B044F6F474C2F20004DA
:101AC0002068E0B18DE8061005291BDCFFF7C6FD94
:101AD00001462068022919BF69460022069A694614
:101AE0000023FFF719FB04B010BD4FF0500080F346
:101AF0001188BFF36F8FBFF34F8F00BFFEE7002049
:101B000004B010BD69461A460023FFF7D7FB04B0A6
:101B100010BD47F2010CC2F2000C604747F22D0CD9
:101B2000C2F2000C60474100080218BF04200A0EF0
:101B300018BF40F001004FF07F4232EA010108BFB8
:101B400040F00200012808BF0520704710EE101A6F
:101B500008B5444A6846B2EB410F28D94FF0E64039
:101B6000B0EB410F94BF00204FF0FF300090009881
:101B7000002861DB60EE000A10F0010F45D010F084
:101B8000020FDFED391A9FED391A00EEA11ADFEDD1
:101B9000381A40EE811A21EEA01AF0EE400A40EE0B
:101BA000010A08BFF1EE600AB0EE600A08BD314BD1
:101BB00021F0004293423CD911F0004FDFED2E0A94
:101BC00020EE201ADFED2D0A19BF31EE601A71EEFA
:101BD000200A31EE201A71EE600ABDEEE01A11EE15
:101BE000100A9FED271A00F0030000EEC10A9FEDD6
:101BF000251A009000EEC10A9FED231A00EEC10ADB
:101C00009FED221A00EEC10AB1E79FED211A9FED68
:101C1000210A10F0020F00EE810A9FED1F1A00EE5C
:101C2000801AB7EE000A00EE810A18BFB1EE400A32
:101C300008BD00F025FA9AE710EE100A4000B0F156
:101C40007F4F3CBFB7EE000A08BD07D14FF001003F
:101C5000EEF7ACFDBDE8084000F002BABDE8084070
:101C600000F0FAB9B61F927E336D4CB9DA82083CA7
:101C7000A0AA2ABE490E494683F9223F0000004B24
:101C80000000C93F00A0FD390020A2331A61342CA6
:101C9000B93AB2BACA9F2A3DDDFFFFBE10B52DED9D
:101CA000028BF0EE408A18EE900AB0EE608A20F0C7
:101CB0000040C0F1FF40C00F07D118EE100A20F01D
:101CC0000040C0F1FF40C00F2BD018EE101A18EEE4
:101CD000900A01F059FC00EE100A10EE100A6FEAAB
:101CE000D05010F0FF0F04BFBDEC028B10BD18EEFA
:101CF000900A00F0004110EE100A00F0004081420E
:101D000004BFBDEC028B10BD18EE101A10EE100AC5
:101D1000BDEC028B61F31E0000EE900A30EE600A0B
:101D200010BD18EE900A4FF07F41B1EB400F1CBF81
:101D300018EE100A5FEA4000C7D10120EEF736FD29
:101D4000BDEC028BBDE8104000F08AB900B510EE82
:101D5000101A2DED028B81B0524A6846B2EB410F4A
:101D60002ED94FF0E640B0EB410F94BF00204FF06A
:101D7000FF3000900098B0EE408A00286ADB10F037
:101D8000010F4BD068EE080A9FED471A9FED470AF6
:101D900000EE810A9FED461A10F0020F00EE801A45
:101DA000B7EE000A00EE810A02BF01B0BDEC028B63
:101DB00000BD00BF01B0B1EE400ABDEC028B00BD1A
:101DC0003C4B21F00042934241D911F0004FDFED2E
:101DD0003A0A20EE201ADFED390A19BF31EE601AF7
:101DE00071EE200A31EE201A71EE600ABDEEE01AA3
:101DF00011EE100A9FED321A00F0030000EEC10A46
:101E00009FED301A009000EEC10A9FED2F1A00EEF0
:101E1000C10A9FED2E1A00EEC10AABE728EE080AB0
:101E20009FED2B1ADFED2B0A10F0020F40EE010A96
:101E30009FED291A00EE201A61EE000AB0EE480A62
:101E400008EE200AB6D101B0BDEC028B00BD00F057
:101E500017F98FE718EE100A4000B0F17F4F0DD24E
:101E600018EE100AFFF75FFE042808BF00F000F923
:101E7000B0EE480A01B0BDEC028B00BD09D10120D3
:101E8000EEF794FC01B0BDEC028B5DF804EB00F0C2
:101E9000E7B801B0B0EE480ABDEC028B5DF804EB88
:101EA00000F0DAB8B61F927EB93AB2BACA9F2A3D9C
:101EB000DDFFFFBE490E494683F9223F0000004B7B
:101EC0000000C93F00A0FD390020A2331A61342C64
:101ED000336D4CB9DA82083CA0AA2ABE00B510EED8
:101EE000101A2DED028B81B04D4A6846B2EB410FBE
:101EF0003CD94FF0E640B0EB410F94BF00204FF0CB
:101F0000FF3000900098B0EE408A00285FDB28EE9A
:101F1000080ADFED440A9FED441A00EE201ADFEDB7
:101F2000430A40EE010A9FED421A00EE201ADFED4F
:101F3000410A10F0010F40EE010A9FED3F1A00EE3A
:101F4000201A61EE000AB0EE480A08EE200A02BF2D
:101F500001B0BDEC028B00BDBFEE001A01B0C1EEB6
:101F6000000ABDEC028BB0EE600A00BD334B21F0DD
:101F70000042934228D911F0004FDFED310A20EEE4
:101F8000201ADFED300A19BF31EE601A71EE200A17
:101F900031EE201A71EE600ABDEEE01A11EE100A61
:101FA0009FED291A00F0030000EEC10A9FED271AE9
:101FB000009000EEC10A9FED261A00EEC10A9FEDC7
:101FC000251A00EEC10A9DE700F05AF89AE718EECC
:101FD000100A4000B0F17F4F0DD218EE100AFFF743
:101FE000A2FD042808BF00F043F8B0EE480A01B093
:101FF000BDEC028B00BD09D10120EEF7D7FB01B08B
:10200000BDEC028B5DF804EB00F02AB801B0B0EE35
:10201000480ABDEC028B5DF804EB00F01DB800002F
:10202000B61F927EBCE9223C0B6D063B8A76CE3C05
:10203000ACB5593D35A1083E29AAAA3E490E4946EC
:1020400083F9223F0000004B0000C93F00A0FD398A
:102050000020A2331A61342C30EE000A70470000D1
:10206000DFED020A80EEA00A7047000000000000C9
:102070009FED020A20EE000A7047000000000010E9
:102080002DE9F0014FF07F42B2EB410F9FBF4FF0BF
:10209000FF310160BDE8F00170474FF0004242EAB5
:1020A0000123C1F3C752783A551112F01F0C434C6B
:1020B000CCF120067C44C1F3C752A2F178024FEA6A
:1020C000621204EB820254F8254008BFD2E901569F
:1020D00012D0556804FA0CF425FA06F73C439768C9
:1020E00005FA0CF527FA06F8D26807FA0CFCF2405C
:1020F00045EA08054CEA0206A4FB034CA5FB035283
:10210000A6FB03631D449D4234BF0126002613191C
:10211000334416B1934202D903E0934201D2012223
:1021200000E00022624402F1200C9206DC0C42EA3C
:10213000443200EE102A5B03DFED210AF8EEC01AEC
:1021400000EE103A4FEA9C1C11F0004FB8EE400A26
:10215000C0F800C020EE201A00EE105ADFED190A78
:10216000B8EE400A20EE200A71EE810A70EE800A75
:1021700010EE902A02F500626FF30B0200EE902A37
:1021800070EEE11A31EEC11ADFED101A30EE411A8D
:102190009FED0D0A20EE800A01EE210A9FED0C1A38
:1021A00000EE810A04BFBDE8F0017047CCF1805118
:1021B0000160BDE8F001B1EE400A70472818000048
:1021C000000000360000802C22AAFD29DB0FC92F59
:1021D0000000C92F21F0004201F00043A2F160523B
:1021E000B2F5801F28BFD2F17E6C0BD95FEA001CCC
:1021F00043EAC20242EB507018BF704728BF20F07C
:102200000100704750EA410C04BF084670475FEA7E
:10221000125CBCF1FE0F13D15FEA001C4FEAC20C46
:102220004CEB507C04BFC2002CEAD27C1CF4000FA3
:1022300004BF4CEA0300704721F00042A2F1605253
:102240004FEA410CB2F5801F29DB1CF5001F16D2A6
:10225000F1EE10CA1CF4806F06D02CF0005C4CF03C
:10226000805CA1F1406129E04FF07F4043EA5000DB
:10227000DFF808C100F0AABF084601F010BA70B537
:1022800000F016FD000000B988000004FFF7F4BF5D
:1022900021F0704243EA507040EAC2007047F1EE0C
:1022A00010CA2CF0805C4CF0005C1CF4006F21D054
:1022B0004B00B3F5001F2FD301F140610CF0405CDF
:1022C0004CF0880CC30011D05CF0404C10F0805FE3
:1022D0000CD0034610F1005041F10001020108BF8B
:1022E00020F00050834218BF2CF0004C00F06040FA
:1022F00001F0B6BA12F1406248BF22F07F425FEAB5
:10230000C00C43EAC20242EA50704FF0880218BF84
:1023100042F0404201F0C8B901F0004321F0004111
:10232000094214D0B1FA81FCACF10B0C01FA0CF1AA
:10233000CCF1200220FA02F241EA020100FA0CF08C
:102340004FEA0C52A1EB020181EA03010FE0B0FA5F
:1023500080F200FA02F002F115024FEAD0214FEAB2
:1023600040504FEA0252A1EB020181EA0301F1EE73
:1023700010CA2CF0805C4CF0005C9DE788000010D7
:1023800010B5DFF8CCE111F5801C13F580141EEABE
:102390004C0F18BF1EEA440F00F08E8091EA030F25
:1023A00048BF83F0004300F15885841A71EB030C99
:1023B00005D2121943EB0C03001B61EB0C014FEA31
:1023C0001154A4EB135C21EA045123EA6E0343F495
:1023D0008013DCF1200E35D322FA0CFE10EB0E0038
:1023E00023FA0CFE41EB0E01CCF1200E03FA0EFE97
:1023F00010EB0E00CCF1200E51F10001B1F5801F61
:1024000035D201EB045112FA0EF2BDE8104058BF6C
:102410007047401C38BF5FEA420218BF704700286F
:1024200014BF20F0010041F100014FEA410313F510
:10243000001F38BF7047DFF81CC128BFA1F1C041A1
:1024400000F0C4BE012A43EB0302ACF1200CDCF126
:102450001F0E32BF4FF0000E23FA0CF310EB0300F7
:1024600041EB0451B4EB115FCDD0A1EB045101F568
:102470008011490801EB04515FEA30000ED350F19E
:10248000000038BF12FA0EFE08D1BDE81040C6E7C2
:10249000401C38BF5FEA4202C7D1C0E7BDE8104028
:1024A0004FEA410313F5001F38BF7047DFF8A4C09F
:1024B000A1F1C04100F08ABE4EF4001E3EEA410484
:1024C00018BF3EEA430439D091EA030F48BF83F0B6
:1024D000004300F18F85841A71EB030C05D21219A9
:1024E00043EB0C03001B61EB0C014FEA1154A4EB0E
:1024F000135C52EA430E13D05FEA445E21EA0451B2
:102500001CBF23F00043ACF1010C7FF462AFBDE8C7
:102510001040801841EB03014FF0110C00F051BD49
:102520005FEA445EBDE8104018BF704750EA410CB6
:1025300008BF70474FF0110C00F043BDBDE81040DC
:1025400070B500F0B5FB00BF64FBBE3E1100000497
:102550000000C0FF11000010491058BFC1F14041F8
:102560005B1058BFC3F140438B42EFF300807047CC
:102570002DE9C04130B4DFF8D4C23CEA111418BFD1
:102580003CEA131400F003811CEA111481EA0305EC
:1025900044EAD57418BF1CEA131500F0D580A4EBEB
:1025A000050404F17F7404F500344FF0004545EA5A
:1025B000C12145EAC32341EA505143EA52534FEA4D
:1025C000C0204FEAC222994208BF904200F0A18089
:1025D0004FEA13650FF27416765D4FEA134506FB5A
:1025E00005F7C7F1807706FB07F74FEAD737A7FB58
:1025F00003687642A7FB06CEC8F5803838BFA8F13D
:10260000010807FB08E6A6FB028C4FF0000EE6FB74
:1026100003CEDCF1000CCEF1004E38BFAEF1010E5E
:10262000A6FB0C584FF00007E6FB0E87A1FB08C67F
:10263000A0FB07CE16EB0E064FF0000545F1000596
:10264000E1FB076515F1E04E7EBFA4F580345FEA3B
:1026500046066D4116F1800745F100054FEA172740
:1026600047EA05674FEA15254FEA0666A6F1DE46FA
:10267000B6F1805F88BFD4F1004C21D9384605EB14
:10268000C47124F0010C01EB0C11BCF1FE6F02D8F7
:10269000F0BCBDE8008124425CBF01F5801E9EEACB
:1026A000C47F02D4F0BCBDE8008124423AD4A1F139
:1026B000C041DFF89CC1F0BCBDE8004100F086BD20
:1026C0004FEAD02040EA41504FEAD1214FEAD222CE
:1026D00042EA43524FEAD323A7FB028607FB036675
:1026E00005FB02661EEA0E0F58BFA6EB0056B6EBBE
:1026F00000564FEA520E4EEAC37E18EB0E0E56EB12
:10270000530EBBD518EB02085E417F1C55F1000546
:10271000B4E74FF480154FF000074FF000064FF07C
:102720000008ABE701F1C04156EA080C1CBF06F0F7
:10273000004C4CF0804C4CF0005C4CF0140CF0BCA5
:10274000BDE8004100F094BC0CEA131550EA410EBC
:102750000BD052EA430E13D000F02BFB641B240471
:1027600086EA460644EAD6741BE752EA430E00F0B6
:10277000268081EA030101F00041F0BCBDE8008140
:10278000F0BCBDE80041DFF8CCC000F01FBDF0BCDC
:10279000BDE8004170B500F08BFA00BF097EFC3E39
:1027A0001400000400F007B84FF0000081EA0301B4
:1027B00001F00041704781EA030100F032BBF0BC38
:1027C000BDE800415FF828C000F000BDFFFDFBF947
:1027D000F7F5F4F2F0EEEDEBE9E8E6E4E3E1E0DE54
:1027E000DDDBDAD8D7D5D4D3D1D0CFCDCCCBCAC8C6
:1027F000C7C6C5C4C2C1C0BFBEBDBCBBBAB9B8B7ED
:10280000B6B5B4B3B2B1B0AFAEADACABAAA9A8A8DF
:10281000A7A6A5A4A3A3A2A1A09F9F9E9D9C9C9BAD
:102820009A99999897979695959493939291919058
:102830008F8F8E8E8D8C8C8B8B8A898988888787E9
:102840008685858484838382828181800000FF075E
:10285000140000101400000851EA030C11D41CF5F8
:10286000801F00F10680994218BF704708BF904250
:10287000704711F5801F58BF13F5801F18D4994277
:1028800070471CF5801F09D550EA410C0EBF52EA73
:10289000430C8B42704708BF824270474FF4001CC4
:1028A0001CEB410F38BF1CEB430F01D28B4270472A
:1028B00070B500F0FDF900BF9224493819001204E8
:1028C0004FF000514FF08053FFF746BE4FEA4103EF
:1028D0004FEA5353A3F58063D3F11E03C8BFD3F16E
:1028E000210C0CDD4FF0004242EAC12242EA505274
:1028F00032FA03FC8CEAE17CACEBE1707047102B00
:10290000C4BF0020704703F5787CBCF1FF3F0FD0B7
:10291000002B01BF7FEA210C5FEA013C5FEA505CBB
:102920004FF0004008BF7047DFF818C000F04EBC01
:1029300070B500F0BDF900BF000000BFC80003047F
:10294000E6E700BFC80002044FEA1153A3F5806315
:10295000D3F11E03A8BFD3F1200C09DB4FF00042D6
:1029600042EAC12252EA505232FA03FC60467047F2
:1029700009420CD4102BC4BF0020704703F5787CAB
:10298000BCF1FF3F17D0DFF840C000F01FBC01F1E1
:10299000804212F5801F02DA4FF000007047DFF826
:1029A00028C0012841EB010212F5001F88BF4CF43A
:1029B000803C00F00BBC70B500F07AF9000000BF5D
:1029C000E8000304DFE700BFE800020410F0004263
:1029D00048BF4042B0FA80F310FA03F10AD0C3F1C5
:1029E0001D0303F5806302EB03524FEA415002EBF3
:1029F000D12170474FF000007047B1FA81F201FA1F
:102A000002F1C2F11D0203EB02534FEA415003EB06
:102A1000D1217047B0FA80F310FA03F10AD0C3F164
:102A20001D0303F580634FEA03524FEA415002EB66
:102A3000D12170474FF000007047000051EA030CAD
:102A400011D41CF5801F00F10680994218BF704711
:102A500008BF9042704711F5801F58BF13F5801FC3
:102A600018D4994270471CF5801F09D550EA410CD3
:102A70000EBF52EA430C8B42704708BF8242704738
:102A80004FF4001C1CEB410F38BF1CEB430F01D26D
:102A90008B42704770B500F00BF900BF0000003F9B
:102AA00019001304FFF758BD4FF080514FF0005349
:102AB000FFF752BD51EA030C11D41CF5801F00F141
:102AC0000680994218BF704708BF9042704711F5C1
:102AD000801F58BF13F5801F18D4994270471CF50A
:102AE000801F09D550EA410C0EBF52EA430C8B42BD
:102AF000704708BF824270474FF4001C1CEB410F27
:102B000038BF1CEB430F01D28B42704770B500F009
:102B1000CFF800BF0000003F19001604FFF71CBDEE
:102B20004FF000514FF08053FFF716BD70B5DFF83E
:102B30007CC11CEA111E1EBF1CEA13159EEA0C0F75
:102B400095EA0C0F00F0788081EA03044EEAD47E07
:102B5000AE4421EA4C1123EA4C1341F4801143F4B2
:102B60008013AEF17F7EA1FB024CA0FB03653619FA
:102B700055EB0C05A1FB034C4CF10003A0FB021C20
:102B800016EB0C06654153F10003094218BF46F0ED
:102B9000010613F4007F0BD14FEA03314FEA0530F1
:102BA00041EA155140EA165034036FF003020AE07F
:102BB0004FEAC3214FEAC52041EA555140EA565039
:102BC000F4026FF0020202EB2E4201EB025585EA9D
:102BD000CE7126460BD005465FEA440C18BF24F0A0
:102BE000004450F1000041F1000120EAD47040F2AD
:102BF000FD7C624500D270BD08BF11F4801FFAD081
:102C0000A84214BF4FF080444FF04044002E08BF4C
:102C10000024BEF1806FD8BF01F1C041A8BFA1F16F
:102C2000C04144F0130CA8BF4CF0805CBDE870407C
:102C300040F31E8200F0CABA0CEA13159EEA0C0F8C
:102C400018BF95EA0C0F19D091EA030F48BF4EF058
:102C5000010E50EA410418BF52EA430409D000F0C3
:102C6000A8F864194FEA044E86EA46064EEAD67E74
:102C700077E74FF000004FEACE7170BD00F018F812
:102C80008900013E1300000400F005B800F007B809
:102C900052EA430C06D081EA030100F0C2B850EAC0
:102CA000410CF8D15FF824C000F090BA0000FF0793
:102CB0000EF1020E2EF0030E5EF8086B012841EBB8
:102CC000010414F5001418BFB4F5801F23D3364255
:102CD00008D4012A43EB030515F5001518BFB5F517
:102CE000801F18D301EB010C1CF5801F16D2364251
:102CF00004D403EB030C1CF5801F0FD2002C10D161
:102D00004FEAD17C0CEB4C0C0CF1020C002D08BFEF
:102D10004CEBD37C07E04FF0090C04E04FF0080CBB
:102D200001E04FEAD37C0CEB4C0526FA05F606F0E1
:102D30000706B6F1040C06D20EEB860CBDE8704017
:102D40004CF0010C6047DFE80CF0222413025EF81F
:102D500004CC1B2D08D1002C88BFB4F5801F34BFD4
:102D60004CF4804C4CF4004CBDE8704000F02EBA9E
:102D7000002C88BFB4F5001F24BF1946104670BD53
:102D80004FF00041A1F500214FF0000070BD194641
:102D90001046012851EB010418BFD4F5001484BF7C
:102DA0005EF804CC2CF0806CBDE8704000F2ED8140
:102DB000704780B54FF003065C004FEA3606640D9D
:102DC0004FEA03334FEA133318BF43F480131CD187
:102DD00004F1010453EA125E02BF13460022203CB4
:102DE0001B4202BF130B1205143CB3FA83FEAEF173
:102DF0000B0E03FA0EF3A4EB0E04CEF1200C22FA14
:102E00000CFC43EA0C0302FA0EF20FB40CBC03BC38
:102E100016F0010F18BF2546CED180BD80B5012622
:102E2000F3E70808A0F500114FEA310170470000F0
:102E300010B5DFF838E211F5801C13F580141EEA96
:102E40004C0F18BF1EEA440F00F0C58091EA030F33
:102E500048BF83F000433FF5A8AA841A71EB030C26
:102E600007D28CF0004C121943EB0C03001B61EBF2
:102E70000C014FEA1154A4EB135C21EA045123EA3C
:102E8000AE035242C3EBAE0338BF5B1EDCF1200E33
:102E900025D322FA0CFE10EB0E0043FA0CFE41EB98
:102EA0000E01CCF1200E03FA0EFE10EB0E00CCF159
:102EB000200E51F1000129D401EB045112FA0EF257
:102EC000BDE8104058BF7047401C1CBFB2F1004F16
:102ED000704700280CBF491C20F00100704712EB1E
:102EE000020E43EB030218BF4FF0010E4EEA4202FE
:102EF000ACF1200CDCF11E0E53D943FA0CFE10EBA2
:102F00000E00CCF11E0E51F1FF31D5D50EF1010EA0
:102F100012FA0EFE404141EB010101EB445C5FEA15
:102F20005C5C10D901EB045110EBDE7038BFBEF1D0
:102F3000004FBDE8104018BF704700280CBF491C67
:102F400020F0010070472FD24FEAD42C24F4006403
:102F500011F500111AD0B1FA81F20B3AA41AA41E8D
:102F6000D2F12003914030FA03F31943904001EB72
:102F7000CC7101EB0451002CBDE81040A8BF704794
:102F800001F1C0414FF0120C00F072B8B0FA80F3BA
:102F900010FA03F100D110BDE41A173C4805C90A24
:102FA000E5E701EB045110BD49104FEA300001EB99
:102FB0000451BDE8104002E04FF0000170474FF0AF
:102FC000120C4A0008BF0042F6D0B2F5001F28BF1D
:102FD000704700F0DAB84EF4001E3EEA410418BF14
:102FE0003EEA430434D091EA030F48BF83F0004324
:102FF0003FF571AA841A71EB030C07D28CF0004CD8
:10300000121943EB0C03001B61EB0C014FEA115446
:10301000A4EB135C52EA033E14D05FEA445E21EA5B
:10302000045109D023F00043ACF1010C5242C3F12A
:10303000000338BF5B1E29E7801A61EB0301BDE87E
:103040001040BCE7BDE8104050EA410CB7D1B3E7EF
:10305000BDE8104070B5FFF72BFE00BF40DFF63E25
:1030600011000004104683F0004170470000C0FFCB
:10307000F1EE103A13F0807F1EBF01F000410020F6
:10308000704713F4006F40F09A80094248BF4CF437
:10309000803C4FF4C0634FEA115203F1010321EA6F
:1030A000025122F400629A1A48BF6FF0FE0241F406
:1030B0008011352A3CD830D0152A1ED3203A0CD99D
:1030C000C2F12003002821FA02F001FA03F218BF2E
:1030D00042F001024FF0000130E0C2F1000302F1C2
:1030E000200201FA03F120FA02F241EA020100FA99
:1030F00003F208464FF0000120E010B4C2F12003B3
:1031000000FA03F401FA03F320FA02F043EA0000A4
:1031100021FA02F1224610BC10E050EA01324FF0D1
:1031200000004FF000014FF0004218BF521C05E0B4
:103130004FF001024FF000014FF000001CF4803FFF
:103140002CF4803C18BF41F00041124216D05200CE
:1031500003D309D0401C41F10001F1EE103A43F0D5
:103160000803E1EE103A70475FEAAC72F2D4F4D192
:10317000401C41F1000120F00100EEE71CF0804FFF
:1031800008BF70472CF0004CE7E7F1EE103A13F05F
:10319000807F1EBF01F000410020704713F4006FD4
:1031A00008BF70472DE9F050FFF738FE04F5C06402
:1031B000A4F10104314301EB0451BDE8F0504CF09F
:1031C000005C4CF0800C00F04BBB00001CF0700F5A
:1031D00008BF0A460FB4F1EE101A0CF0405030EA66
:1031E000814318BF4CF0804C4FEA4C034FEAD36345
:1031F00023EA112310EA814F18BF23F0100341EA9C
:10320000030101F0E0734CEA030CE1EE101A0CF03C
:103210000F030A2B1DBF082B0CF070034CEAC30CE4
:103220004FF4003304BF33EA0C034CF4400C1CF0A1
:10323000005F14D11CF0805F0BD11CF0804F31D1A6
:103240001CF0006F12D111F4807F0FBC47D000F04A
:1032500007BB11F4806F0FBC2BD000F001BB11F441
:10326000006F0FBC08BF704700F0FABA11F4007F7E
:103270000FBC40F0F5821CF0400F1EBF4FF0004025
:1032800040F0010070471CF0100F14BF81EA0302E8
:1032900042400CF00F000A2808BF4FF0FF324FF0F9
:1032A00000030FE011F4805F0FBC08BF704700F00F
:1032B000D7BA2CF0805C1CF0800F14BF01F00042E4
:1032C00000F0004202F000421CF0100F1DBF0FF290
:1032D0008C0003C81143234808BF104370471CF0FB
:1032E000400F40F028801CF4404F1BD01CF4004FCE
:1032F0001CBF194610460CF4807218BF8CEA520CA1
:103300001CF0800F0CBF40F4800041F400218CEAD7
:10331000DC0313F0100F1CBF2CF00F0C4CF0080C4A
:1033200000F045BA1CF0100F1ABF0FA393E803007A
:103330000F4800F03CBA1CF0800F14BF01F00042AF
:1033400000F000421CF0100F1BBF07A393E803001E
:103350000748114308BF104300F029BA00000000DD
:103360000000F07F0000807F000000000000F87F78
:103370000000C07F43004FEAD30C4FEA3C0C4340AF
:103380001FBF40070CF1605113F0FE4F70471CF057
:10339000006F14D133F0004004BF1946704783EA30
:1033A000830383EA430303F0070343EACC010CF0F1
:1033B000004303F15A5303F54013FFF71EBB0CF013
:1033C000004343EA507040EACC0010B500F039F8F1
:1033D000000000BA180000044FEA0001FFF721BD09
:1033E0004FEAE0024FEA407042F0E041704710B50A
:1033F000FFF732FA0CBF0120002010BD10B5FFF717
:103400002BFA14BF0120002010BD10B5FFF716FBEA
:103410008CBF0120002010BD10B5FFF70FFB2CBFA3
:103420000120002010BD10B5FFF744FB94BF012020
:10343000002010BD10B5FFF73DFB34BF0120002078
:1034400010BD0EF1020E2EF0030E5EF8084B4FEA8F
:10345000400212F1807218BFB2F5000F22D324424D
:1034600007D44FEA410313F1807318BFB3F5000F7F
:1034700018D34FEA400C1CF5000F16D2244204D496
:103480004FEA410C1CF5000F0FD2002A10D14FEA71
:10349000D07C0CEB4C0C0CF1020C002B08BF4CEB5D
:1034A000D17C07E04FF0090C04E04FF0080C01E07C
:1034B0004FEAD17C0CEB4C0324FA03F404F007042C
:1034C000B4F1040C06D20EEB840CBDE810404CF0B5
:1034D000010C6047DFE80CF01F2013025EF804CCFB
:1034E0001B2B08D1002A88BFB2F5000F34BF4CF463
:1034F000804C4CF4004CBDE81040FFF767BE002A3A
:1035000088BFB2F1807F28BF084610BD4FF0004051
:10351000A0F5800010BD0846420018BFD2F18072AD
:1035200084BF5EF8042C22F08062BDE8104000F2F7
:103530001F81704710B44FEA00204FEA012112F4B6
:103540007F0F10D1B0FA80F4A2EB044202F5803272
:1035500000FA04F013F47F0F18BF41F0004100D0CF
:1035600010BC18BF604740F00040B1FA81F4A3EBF3
:10357000044303F5803301FA04F110BC60474FF0B7
:103580000000E1EE100A70474FF07F4C3CEA410327
:1035900018BF3CEA400200F06B804FF47F0C0CEA4D
:1035A000D11310F0004F18BF43F005031CEAD012EE
:1035B00018BF13EA0C0F00F063804FF0004C4CEA88
:1035C00000204CEA0121A3F580339A4210DD23F05C
:1035D0000203B0F1004F06D343F00203401ABCBF10
:1035E000404283F001034FEA4000A2F58032ECE74D
:1035F0004FEA224CBCEB234F08DB884206D325D090
:10360000A0EB4100C0F1000083F00103400026D28E
:1036100020D416D0B0FA80FC0CF1010C00FA0CF0AA
:10362000A2EB0C42D2F1000C1BDB02F540024FEA88
:10363000C21242EA502040EAC3704FF0050200F087
:1036400033B84FEA437000F00040704713F0020FA8
:10365000DCD0D5E74FEA4000B2F58032E2DD002A47
:10366000E0DD4FEAC21242EA502040EAC3707047E0
:1036700010B5FFF7E6FE00BFEDFFFF3E05000004BA
:1036800031F0004C07D030F0004C08BF7047AFF26B
:10369000C90CFFF74FBF5FF81CC0FFF797BDFF21B4
:1036A00041EAD050C0057047F1EE101A11F0807F4A
:1036B0001CBF00F00040704711F4006F40F07380B1
:1036C00000F0004343EAD05323F48073C3F1C103F5
:1036D00023F0004117292FD8C3F1200310FA03F17A
:1036E000C3F1200320F07F4040F4000020FA03F0F3
:1036F00003F0004340EA030013D00B46F1EE101A2A
:1037000041F00801E1EE101A590009D318BF401C1E
:1037100006D17FEAE27398BF401C38BF20F0010059
:10372000704712F0804F08BF7047F1EE101A41F059
:103730000801E1EE101A704703EB9123182918BF16
:103740006FF000410131F1EE101A41F00801E1EE95
:10375000101A68BF03F0004009D6400203F0004091
:1037600000F1010004BF12F0004F20F0010070478B
:10377000F1EE101A11F0807F1CBF00F0004070477E
:1037800011F4006F08BF704700F0004141F0C041E4
:1037900020F00040B0FA80F3A3F1080300FA03F030
:1037A000A1EBC351084442F0005C00F059B80CF0A2
:1037B0000F03092B08BF082000F064800A2B32D0C9
:1037C000082B18BF704708BF1CF0400F31D01CF405
:1037D000803F23D11CF0200F11D11CF0100F0BBF24
:1037E00002460A466FF000406FF0004118BF4FF0EC
:1037F000FF3012F0004F1CBFC043C94370471CF09C
:10380000100F0CBF02460A4612F0004F4FF0FF3077
:103810004FF0FF311CBFC043C94370474FF0000059
:103820004FF0000170471CF0400F18BF4FF00040F0
:1038300070471CF0100F08D000F07F4220F070435A
:1038400042EAD3014FEA4370704700F0604021F034
:103850007F4242EA000201F07F4040EA7270704706
:103860002DE900502DE90050EDF752F8BDE8005069
:10387000BDE800500CF00F0393F0090F18BF70471C
:10388000AFF300801CF4801F24D01CF4E02F09D07B
:1038900010F0080F02D1D0F1020070476FEACC316E
:1038A000490070474FF0604111EA407028BF40F076
:1038B0004050F1EE103A23F0704343EA0003E1EE8A
:1038C000103AEFF3008222F0704242EA000282F3E3
:1038D000008870471CEA004018BF012070470000B4
:1038E000000000006E83F9A22915444ED15727FC31
:1038F000C0DD34F5999562DB4190433CAB6351FEEA
:10390000000000000000000001020304060708098F
:1039100000000000010203044C3C0108000000000C
:103920000000000000000000000000000004000093
:103930002000000000000000000000005C3C0108C6
:103940000000000000000000000000000000000077
:10395000000200001800000000000000000000004D
:10396000443C0108000000000000000000000000CE
:103970000000000000040000300000000000000013
:1039800000000000663C010800000000000000008C
:10399000000000000000000000020000180000000D
:1039A000000000000000000001000200040006000A
:1039B00008000A000C0010002000400080000001F8
:1039C000000000000000F03F000000000000244064
:1039D00000000000000059400000000000408F403F
:1039E000000000000088C34000000000006AF840AA
:1039F0000000000080842E4100000000D0126341CE
:103A00000000000084D797410000000065CDCD4143
:103A10000001020304050607080C101418203040AA
:103A2000010101030701000008040204080101016B
:103A30005144726976650063616C69627261746594
:103A400000636C65617200636F6E66696700637422
:103A5000726C0064697361626C6500656E61626CB2
:103A6000650068656C7000696E666F007265626FF4
:103A70006F7400726573746F72650073696C656E44
:103A800074007374617475730073746F726500757C
:103A90007067726164650076657273696F6E006449
:103AA000656661756C742075736572006261636B25
:103AB00073706163650074616200656E74657200A5
:103AC000656E7465720064656C6574650075700080
:103AD000646F776E007269676874006C6566740065
:103AE0006261636B73706163650043616C696272EC
:103AF00061746520464F432073797374656D00636C
:103B00006C65617220636F6E736F6C6500436F6EDE
:103B10006669677572652073797374656D2070616D
:103B200072616D65746572730053657420636F6EA6
:103B300074726F6C2074617267657473004469738A
:103B400061626C6520464F4320636F6E74726F6CC8
:103B500000456E61626C6520464F4320636F6E7452
:103B6000726F6C0073686F7720636F6D6D616E6448
:103B700020696E666F0D0A68656C70205B636D640A
:103B80005D0053686F7720686172647761726520A9
:103B9000696E666F726D6174696F6E007265626FD7
:103BA0006F742073797374656D00466163746F720E
:103BB0007920726573746F72650022446973616263
:103BC0006C65207368656C6C206F75747075742CEF
:103BD000207265626F6F7420746F20656E61626C15
:103BE0006520616761696E220053686F7720637595
:103BF0007272656E74206D6F746F7220737461746D
:103C000075730053746F726520636F6E66696775B4
:103C1000726174696F6E7300456E746572205553DE
:103C2000422044465520626F6F746C6F6164657208
:103C30000053686F772076657273696F6E20696EC6
:103C4000666F0000464F435461736B00436F6D6DA8
:103C5000756E69636174655461736B004465627568
:103C6000675461736B0053746172745368656C6C54
:103C70000020204D61782063757272656E7420207B
:103C8000202020203A20252E32662041006C696DCC
:103C900069742E63757272656E74203D20252E3313
:103CA000672041002020546F7271756520636F6E2C
:103CB0007374616E7420203A20252E3266204E6D7A
:103CC0002F41002020566F6C7461676520202020F2
:103CD00020203A20252E32662056005365747469E0
:103CE0006E6720636F6E666967205B7A65726F5FCF
:103CF000706F735D0063616E2E6964203D20253016
:103D00003364002020416E676C6520202020202035
:103D100020203A20252E326620726164007561727F
:103D2000742E626175645F726174650053657474AA
:103D3000696E6720636F6E666967205B25735D201F
:103D40003D20252E33670020205068617365207266
:103D50006573697374616E6365203A20252E32663F
:103D6000206F686D006C696D69742E737065656491
:103D7000203D20252E33672072706D00556E6B6ECE
:103D80006F776E20636F6E66696720746172676516
:103D9000743A202573006C696D69742E63757272B4
:103DA000656E74005144726976652069732072757E
:103DB0006E6E696E672C20706C6561736520646936
:103DC0007361626C65206974206669727374007532
:103DD0006172742E626175645F72617465203D204A
:103DE000256C7500436F6D6D616E64206E6F74207D
:103DF000466F756E640D0A000D0A20205F5F5F5FDD
:103E0000202020205F5F5F5F2020202020202020B6
:103E100020205F20202020202020202020200D0A8C
:103E2000202F205F5F205C20207C20205F205C20F2
:103E3000205F205F5F20285F295F5F2020205F5F79
:103E40005F2020200D0A7C207C20207C207C207C90
:103E5000207C207C207C7C20275F5F7C7C205C2079
:103E60005C202F202F205F205C200D0A7C207C5FAF
:103E70005F7C207C207C207C5F7C207C7C207C20E4
:103E800020207C207C5C2056202F20205F5F2F206C
:103E90000D0A205C5F5F5F5C5F5C207C5F5F5F5F43
:103EA0002F207C5F7C2020207C5F7C205C5F2F208B
:103EB0005C5F5F5F7C200D0A0D0A4275696C643A95
:103EC000202020202020204A756E203134203230DE
:103ED00032362031373A32383A30350D0A5665726B
:103EE00073696F6E3A2020202020362E322E300D3E
:103EF0000A436F707972696768743A2020202863DA
:103F0000292032303236205144726976650D0A001C
:103F10000D0A5761726E696E673A20436F6D6D616D
:103F20006E6420697320746F6F206C6F6E670D0A6A
:103F30000020200022001B5B324A1B5B3148002C12
:103F4000203078001841010800000020E001000046
:103F500014020008F8410108007000205C00000015
:103F600070020008F8410108E00100202054000020
:103F70008C020008002000007B3A0108D5060108E9
:103F8000BA3B010800200000973A0108C9E5000883
:103F9000313C0108002000006C3A0108D1060108FC
:103FA0009C3B0108002000008F3A0108ED06010843
:103FB000183C010800200000893A01086DE3000860
:103FC000033C010800200000733A010831E10008B9
:103FD000AA3B0108002000004E3A0108E1DC00087D
:103FE000293B010800200000473A01080DD70008CE
:103FF0000D3B010800200000373A010811D60008E7
:10400000EA3A010800200000533A01089DDE00084A
:104010003D3B0108002000005B3A0108E9DE000892
:10402000513B010800200000823A010895E1000898
:10403000E93B010800200000673A010869DF000839
:10404000823B010800080000303A0108433C0108A7
:104050009F3A01080009000000415B1B9904010818
:10406000CD3A01080009000000425B1B29F400085A
:10407000D03A01080019000000435B1B91FE0008C4
:10408000D53A01080019000000445B1B55FC0008EC
:10409000DB3A01080009000000000009590201088C
:1040A000B63A010800190000000000083DF20008BF
:1040B000AC3A0108001900000000007F3DF2000842
:1040C000E03A0108001900007E335B1B25F300086D
:1040D000C63A0108001900000000000A31F4000887
:1040E000BA3A0108001900000000000D31F4000880
:1040F000C03A010800200000623A0108BDF900083A
:10410000643B010800210000413A0108D9F200088F
:10411000FF3A01080000000011A20502170813452C
:10412000A914089DAA1B08AD041AD904133DAB14A9
:104130000841A81B08750C4133A00332011324F475
:104140001AC92C1A01041A7D24411A550C1A652C1F
:104150001AD104C11AA9181A99041AB9041A89049F
:10416000140902431302011DC03209044C1A020B48
:10417000130524161001052401100901042402026C
:1041800005240617010705820308151009040133E9
:10419000020A2E0705010240072A81071109374448
:1041A000113A02441907111A12171302021E408312
:1041B0000441574D1B0203D82B0A061A112A40E36B
:1041C0002B0907640A3B04A813850E1B08810413FE
:1041D000F90D1B08B1081AF104071B040309041A9E
:1041E0000313C2010213082994C14B222214321076
:1041F0001AAA01000000000040F6CC31C2F2000112
:10420000884218BF704780B540F6D000C2F2000067
:10421000C169884741F2F470C2F20000BDE88040F5
:1042200000F00DB841F2A011C2F20001884218BF9F
:10423000704741F2F470C2F2000000F005B842F29B
:104240009D0CC0F6000C604741F6E94CC0F6000C2E
:0442500060470000C3
:04000005080001D915
:00000001FF
